date,tavg,tmin,tmax,prcp,snow,wdir,wspd,wpgt,pres,tsun
2022-01-01 00:00:00,10.2,7.7,11.9,0,,198,10.5,27.8,1026.5,
2022-01-02 00:00:00,8.3,6.1,10.6,0.4,,203,14.4,42.6,1019,
2022-01-03 00:00:00,9.8,9.2,10.8,5.4,,213,23.8,46.3,1013.8,
2022-01-04 00:00:00,7.7,5.8,9.2,19.8,,222,11.7,31.5,999.6,
2022-01-05 00:00:00,4.4,3.1,5.9,3.4,,237,22.6,51.8,1007,
2022-01-06 00:00:00,3.3,0.8,5.3,0,,234,12.1,33.3,1018.8,
2022-01-07 00:00:00,1.5,0.4,2.8,2.5,,195,16.7,38.9,1017,
2022-01-08 00:00:00,2.4,0.6,3.9,6,,198,14.1,35.2,1010.8,
2022-01-09 00:00:00,4,1.8,5.8,7.6,,222,18.5,46.3,1001.5,
2022-01-10 00:00:00,1.9,0.1,3.4,0,,172,6.3,16.7,1021.7,
2022-01-11 00:00:00,0.1,-1.1,2,0,,57,5.4,14.8,1034.8,
2022-01-12 00:00:00,0.2,-1.7,2.6,0,,147,4.7,13,1040,
2022-01-13 00:00:00,-0.3,-2.2,1.6,0,,180,5.3,14.8,1042.2,
2022-01-14 00:00:00,0.1,-1.2,2.4,0,,211,5.5,16.7,1037.2,
2022-01-15 00:00:00,1.2,-0.8,3.1,0,,71,5.5,14.8,1030.5,
2022-01-16 00:00:00,1.8,0.6,3.1,0.1,,203,14.8,35.2,1027.4,
2022-01-17 00:00:00,4.6,3.3,5.8,0.1,,231,18.5,38.9,1033.3,
2022-01-18 00:00:00,4.2,2.2,6.1,0.1,,188,6.1,20.4,1038,
2022-01-19 00:00:00,1.9,0.1,3.3,0.3,,175,12.9,38.9,1028.3,
2022-01-20 00:00:00,3.3,1.7,4.7,0.4,,258,17.3,35.2,1026.5,
2022-01-21 00:00:00,1.7,-0.3,3.5,0.5,,250,13.4,29.6,1033,
2022-01-22 00:00:00,4.6,3,6.3,1.6,,241,13.8,27.8,1033.2,
2022-01-23 00:00:00,4.4,3,6.5,0,,346,5.8,16.7,1035.9,
2022-01-24 00:00:00,3.3,0.9,6.1,0,,68,6.2,18.5,1035.3,
2022-01-25 00:00:00,-0.2,-1.4,1.3,0,,136,5.1,13,1034.6,
2022-01-26 00:00:00,0.4,-1,1.8,0,,209,9.3,22.2,1033.5,
2022-01-27 00:00:00,2,0.7,3.8,1.1,,212,21.6,46.3,1028.3,
2022-01-28 00:00:00,4.5,3,7,0.4,,244,16,37,1033,
2022-01-29 00:00:00,5.5,3.2,7.9,0.6,,213,25.3,51.8,1028.4,
2022-01-30 00:00:00,5.7,1.9,7.9,0.2,,250,18.1,40.8,1027.9,
2022-01-31 00:00:00,3.4,1.1,4.8,5.3,,236,24.3,57.4,1013.2,
2022-02-01 00:00:00,4.2,2.9,6.4,2.5,,247,22.6,50,1017.6,
2022-02-02 00:00:00,7,5.6,9.4,0.5,,257,18.5,42.6,1018.5,
2022-02-03 00:00:00,7.1,5.5,8.8,1.2,,203,12,29.6,1018.9,
2022-02-04 00:00:00,6.7,5.7,8.2,2.1,,211,19.4,46.3,1013.8,
2022-02-05 00:00:00,4.7,3,7,0,,220,20.7,42.6,1021.8,
2022-02-06 00:00:00,5.6,4.5,6.4,11.4,,219,34,68.5,1010.9,
2022-02-07 00:00:00,5.1,2.7,8.1,4.2,,259,21.5,44.5,1020.2,
2022-02-08 00:00:00,5.6,2.2,8.1,0,,203,20,42.6,1030.4,
2022-02-09 00:00:00,7.8,4.9,11.3,0,,205,13.8,33.3,1028.3,
2022-02-10 00:00:00,5.1,2.2,7.8,1.9,,209,13.8,37,1022.4,
2022-02-11 00:00:00,4,0.8,6.2,4.4,,247,15.1,44.5,1028.6,
2022-02-12 00:00:00,0.8,-2.5,5,0,,111,5.5,18.5,1031.4,
2022-02-13 00:00:00,2.2,-2.9,8.3,0,,187,8.4,25.9,1018.9,
2022-02-14 00:00:00,6,1.4,10.7,0,,195,12.7,38.9,1008,
2022-02-15 00:00:00,7.3,5.9,9.2,1.2,,209,17.2,40.8,1012.7,
2022-02-16 00:00:00,8.7,5.8,12.3,7,,204,30.2,64.8,1005.5,
2022-02-17 00:00:00,11.4,7.3,13.1,1,,243,35.3,68.5,1006,
2022-02-18 00:00:00,8.8,6.3,12.2,3.8,,212,25.4,66.7,1007.4,
2022-02-19 00:00:00,7.1,5.3,9.2,0.3,,225,30.5,61.1,1015,
2022-02-20 00:00:00,7.9,5.5,9.8,6.5,,214,32.6,64.8,1011.8,
2022-02-21 00:00:00,7.5,5.5,10,4.9,,237,35.4,68.5,1004.4,
2022-02-22 00:00:00,7.1,5,8.9,1.8,,236,23,48.2,1018.7,
2022-02-23 00:00:00,7.4,4.4,11.4,0.3,,222,12,38.9,1025.3,
2022-02-24 00:00:00,6.4,2.7,10.7,1.9,,204,17,51.8,1016.1,
2022-02-25 00:00:00,3.9,1.5,6.5,1.2,,234,20.2,48.2,1023.9,
2022-02-26 00:00:00,3.5,0.1,8.1,0,,329,8,22.2,1034.1,
2022-02-27 00:00:00,3.4,-0.6,8.7,0,,69,10.1,29.6,1033.6,
2022-02-28 00:00:00,3.4,-1.6,9.7,0,,68,7.6,22.2,1032.9,
2022-03-01 00:00:00,2.5,-1.6,7.6,0,,73,7.6,22.2,1030.5,
2022-03-02 00:00:00,2.7,-1.4,8.4,0,,59,7.1,18.5,1024.7,
2022-03-03 00:00:00,3.5,-2.3,10.5,0,,46,8.7,25.9,1019.9,
2022-03-04 00:00:00,3.2,-1,8.6,0,,47,10.7,29.6,1021.8,
2022-03-05 00:00:00,2.4,-1.6,7,0,,63,8.5,24.1,1022.6,
2022-03-06 00:00:00,2,-2.2,6.2,0,,39,12.4,35.2,1024.3,
2022-03-07 00:00:00,1.7,-1.8,6,0,,49,12.4,35.2,1026.5,
2022-03-08 00:00:00,3,-2.5,9.7,0,,75,9.8,31.5,1024.2,
2022-03-09 00:00:00,4.2,-2.1,11.8,0,,83,6.5,20.4,1025.4,
2022-03-10 00:00:00,6.2,-1.1,14.1,0,,67,9,27.8,1025.4,
2022-03-11 00:00:00,6,0.7,12.6,0,,82,11.1,31.5,1020.8,
2022-03-12 00:00:00,6.9,2.1,13,0,,72,8.4,22.2,1020.4,
2022-03-13 00:00:00,7.5,1.6,14.2,0,,61,8.2,22.2,1017.7,
2022-03-14 00:00:00,7.8,5.2,12.2,3.4,,195,11,35.2,1026.2,
2022-03-15 00:00:00,5.9,3.4,8.6,6.9,,37,7.6,20.4,1026.8,
2022-03-16 00:00:00,8.1,2.6,14.4,0,,69,9.4,27.8,1025,
2022-03-17 00:00:00,7.8,5.7,10.1,1.1,,28,9.8,25.9,1028.3,
2022-03-18 00:00:00,8.1,3.2,13.6,0,,30,19.6,46.3,1039.8,
2022-03-19 00:00:00,7.3,3.2,11.2,0,,39,20.8,53.7,1038.7,
2022-03-20 00:00:00,8.7,3.3,15,0,,93,12.4,35.2,1029.9,
2022-03-21 00:00:00,9.8,3.8,17.1,0,,73,7.5,22.2,1032.7,
2022-03-22 00:00:00,9.5,2.5,17.2,0,,68,7.3,24.1,1032.6,
2022-03-23 00:00:00,9.8,1.5,18.5,0,,25,6.4,20.4,1031,
2022-03-24 00:00:00,10.4,2.1,18.8,0,,22,6.9,22.2,1028.9,
2022-03-25 00:00:00,10.9,3.3,18.2,0,,31,11.3,31.5,1028.5,
2022-03-26 00:00:00,11.8,4.4,18.8,0,,35,11.8,33.3,1030.2,
2022-03-27 00:00:00,12.8,6.3,19.2,0,,33,9.6,24.1,1029.7,
2022-03-28 00:00:00,13.1,5.8,21,0,,206,8.6,29.6,1023,
2022-03-29 00:00:00,11.3,7,15.7,0,,19,7.2,20.4,1011.6,
2022-03-30 00:00:00,8.8,6.6,10.7,6.5,,31,12.4,27.8,1003.3,
2022-03-31 00:00:00,5.8,4.1,7.5,4.4,,34,13,33.3,998.7,
2022-04-01 00:00:00,1.8,0,4.1,13,,22,20.5,44.5,1003,
2022-04-02 00:00:00,1.1,-0.4,2.7,7.1,,21,21,44.5,1013.8,
2022-04-03 00:00:00,2.8,-0.7,6.3,0,,3,10.1,29.6,1022,
2022-04-04 00:00:00,3.2,-2,7.2,2.1,,212,22.3,61.1,1016.3,
2022-04-05 00:00:00,8.3,5.8,10.9,11.2,,221,28.7,50,1008.4,
2022-04-06 00:00:00,11.2,9,13.7,1.1,,217,24.6,51.8,1005.5,
2022-04-07 00:00:00,10.8,8.3,12.6,6,,218,33.4,68.5,994.6,
2022-04-08 00:00:00,6,2.6,8.4,10.8,,257,17.4,51.8,999.7,
2022-04-09 00:00:00,5.3,0.9,10,2.9,,276,17.7,46.3,1010,
2022-04-10 00:00:00,6,1.3,10.7,0,,244,10.7,33.3,1020.8,
2022-04-11 00:00:00,7.8,0.8,15,0,,75,8.4,25.9,1018.9,
2022-04-12 00:00:00,13,5.6,21.7,0,,78,8.9,25.9,1013.9,
2022-04-13 00:00:00,15.8,9.2,23.2,0,,2,6.9,20.4,1015.5,
2022-04-14 00:00:00,14.8,11.3,18.6,0,,357,10.7,27.8,1020,
2022-04-15 00:00:00,13.1,7.7,18.3,0,,8,11.6,38.9,1024.8,
2022-04-16 00:00:00,10.7,6.6,15.2,0,,42,15.4,38.9,1030.5,
2022-04-17 00:00:00,10.1,3.8,16.4,0,,61,10.8,31.5,1028.1,
2022-04-18 00:00:00,11.2,4.4,18.1,0,,58,8.2,25.9,1019.7,
2022-04-19 00:00:00,11.6,4.6,18,0,,41,11.1,35.2,1014.1,
2022-04-20 00:00:00,11.4,5.5,17,0,,47,13.6,37,1015.2,
2022-04-21 00:00:00,11.7,6.9,15.5,0,,46,13.6,37,1011.4,
2022-04-22 00:00:00,13.1,8.3,17.6,0,,38,17.8,40.8,1005.4,
2022-04-23 00:00:00,13.6,9.5,17.5,0,,59,15.7,37,1003.8,
2022-04-24 00:00:00,12.1,10.3,14.6,2.9,,30,14.8,31.5,1001.5,
2022-04-25 00:00:00,10.1,6.8,13.2,1.8,,47,7.8,22.2,1009.8,
2022-04-26 00:00:00,8.8,7.2,10.2,9.2,,40,8.7,27.8,1015.8,
2022-04-27 00:00:00,11.6,5.2,17.8,0,,25,8.6,25.9,1023.3,
2022-04-28 00:00:00,13.4,6.2,20,0,,36,9,25.9,1027.5,
2022-04-29 00:00:00,13.8,7.1,19.8,0,,29,8.7,24.1,1026.5,
2022-04-30 00:00:00,10.7,9,12.9,8.6,,10,15,31.5,1024.1,
2022-05-01 00:00:00,12,7.9,16.1,0,,14,9.2,24.1,1021.8,
2022-05-02 00:00:00,14.4,8.6,19.7,0,,32,10,27.8,1017.8,
2022-05-03 00:00:00,15,9.6,19.4,0,,22,11.1,29.6,1016.2,
2022-05-04 00:00:00,14.8,10.6,19.2,0,,7,9.4,25.9,1017,
2022-05-05 00:00:00,14.1,9.2,18.3,0,,359,8.5,27.8,1020.6,
2022-05-06 00:00:00,15.2,9,20.9,0,,28,9.9,29.6,1024,
2022-05-07 00:00:00,15.6,8.2,21.8,0,,42,7.6,25.9,1022.9,
2022-05-08 00:00:00,17.1,11.4,21.9,0,,26,14.4,35.2,1023.9,
2022-05-09 00:00:00,18.1,11.8,24.7,0,,60,9.7,24.1,1025,
2022-05-10 00:00:00,19,10.6,26.3,0,,171,10.9,35.2,1020,
2022-05-11 00:00:00,21.7,14.4,28.8,0,,209,19.1,53.7,1013.5,
2022-05-12 00:00:00,19.6,16.2,23.2,0,,248,15.1,37,1016.9,
2022-05-13 00:00:00,16.8,10.9,22.2,0,,271,12.4,37,1020.1,
2022-05-14 00:00:00,16.8,8.2,24.8,0,,273,6.9,25.9,1020.9,
2022-05-15 00:00:00,19.3,11.2,26.6,0,,56,9.5,27.8,1018.6,
2022-05-16 00:00:00,19.3,14.6,24.3,2.2,,226,10.6,33.3,1017.1,
2022-05-17 00:00:00,19.6,13.1,25.5,0,,264,6.8,22.2,1021.1,
2022-05-18 00:00:00,22.4,15,29.2,0,,87,7.4,24.1,1021.6,
2022-05-19 00:00:00,22.4,16.6,29.1,0,,151,9.9,33.3,1020.2,
2022-05-20 00:00:00,21.8,16.4,27.7,0.9,,236,12.3,42.6,1018.5,
2022-05-21 00:00:00,17.2,13.2,21.1,0,,270,15.4,37,1021.4,
2022-05-22 00:00:00,16.9,9.5,23.6,0,,32,7.8,24.1,1016.1,
2022-05-23 00:00:00,18.9,14.8,22.9,5.7,,111,11.7,33.3,1004.5,
2022-05-24 00:00:00,16.7,13.4,19.3,1.2,,224,19.8,44.5,1007.5,
2022-05-25 00:00:00,15.6,10,20.9,0,,225,12.6,38.9,1015.2,
2022-05-26 00:00:00,16.3,11.3,20.9,0,,231,14.8,37,1020.3,
2022-05-27 00:00:00,16.4,13,19.8,0,,256,15.4,38.9,1020.9,
2022-05-28 00:00:00,13.7,9.5,17.1,0,,311,14.1,37,1021.1,
2022-05-29 00:00:00,12.7,9.2,15.9,0,,339,11.8,31.5,1018.1,
2022-05-30 00:00:00,13.4,9.3,17,0,,334,11.1,29.6,1015.8,
2022-05-31 00:00:00,14.3,10.6,17.8,0,,304,11.7,31.5,1015.5,
2022-06-01 00:00:00,15.2,11,19,0,,296,11.4,31.5,1015.9,
2022-06-02 00:00:00,16.3,11.6,20.6,0,,320,11.4,29.6,1015.8,
2022-06-03 00:00:00,,,,,,,,,,
2022-06-04 00:00:00,,,,,,,,,,
2022-06-05 00:00:00,,,,,,,,,,
2022-06-06 00:00:00,,,,,,,,,,
2022-06-07 00:00:00,,,,,,,,,,
2022-06-08 00:00:00,,,,,,,,,,
2022-06-09 00:00:00,,,,,,,,,,
2022-06-10 00:00:00,,,,,,,,,,
2022-06-11 00:00:00,,,,,,,,,,
2022-06-12 00:00:00,,,,,,,,,,
2022-06-13 00:00:00,,,,,,,,,,
2022-06-14 00:00:00,17.9,9.3,25.1,,,31,8.4,25.9,1021.7,
2022-06-15 00:00:00,22.3,13.5,30.2,,,19,9.1,25.9,1017.1,
2022-06-16 00:00:00,22.6,17.2,27.8,,,7,14,38.9,1018.5,
2022-06-17 00:00:00,22.3,14.2,29.2,,,88,8.9,25.9,1023.2,
2022-06-18 00:00:00,26.5,16.2,35.8,,,196,11.1,35.2,1017.5,
2022-06-19 00:00:00,27.3,21,33,,,220,15.3,44.5,1008.4,
2022-06-20 00:00:00,20.1,17,24.3,,,352,15.4,33.3,1012.5,
2022-06-21 00:00:00,18.1,10.3,24.9,,,42,9.9,25.9,1014.2,
2022-06-22 00:00:00,21.8,15.5,27.4,,,17,10.2,27.8,1011,
2022-06-23 00:00:00,23.9,16.6,31,,,138,8.2,27.8,1011.3,
2022-06-24 00:00:00,21.5,18.6,24.1,,,205,12.9,37,1009,
2022-06-25 00:00:00,21.5,16.4,27,,,198,11.3,29.6,1012.6,
2022-06-26 00:00:00,22,16.9,26.2,,,302,9,27.8,1013.9,
2022-06-27 00:00:00,20.8,18.1,23.3,,,280,13.5,35.2,1015.7,
2022-06-28 00:00:00,19.8,12.1,26.3,,,13,9.6,29.6,1020.3,
2022-06-29 00:00:00,22.4,17.9,27.2,,,15,9.7,25.9,1014.1,
2022-06-30 00:00:00,24.6,17.9,31.3,,,127,8.9,31.5,1011.2,
2022-07-01 00:00:00,18.6,15.7,22.2,,,244,13.8,33.3,1018.3,
2022-07-02 00:00:00,19.6,10.9,27.5,,,124,6.7,27.8,1021.7,
2022-07-03 00:00:00,22.4,14.5,29.4,,,234,12.2,38.9,1017.8,
2022-07-04 00:00:00,21.4,15.4,26.6,,,312,11.1,31.5,1019.6,
2022-07-05 00:00:00,21,13.7,26.9,,,341,11,35.2,1020.6,
2022-07-06 00:00:00,18.7,14.4,22.1,,,319,13.1,35.2,1023.8,
2022-07-07 00:00:00,18.4,15.1,21.7,,,264,17,42.6,1022,
2022-07-08 00:00:00,18.7,12.7,23.9,,,320,12.5,33.3,1028.9,
2022-07-09 00:00:00,20,13.7,25.1,,,299,11.5,37,1025.8,
2022-07-10 00:00:00,17.4,13.8,19.7,,,332,13.4,35.2,1024.5,
2022-07-11 00:00:00,19.7,15.1,24.1,,,323,9.3,29.6,1023,
2022-07-12 00:00:00,21.4,13.9,28.1,,,25,7.6,25.9,1024,
2022-07-13 00:00:00,24.1,15.4,32.1,,,216,11,37,1021,
2022-07-14 00:00:00,23.4,19.3,27.9,,,333,12.2,40.8,1018,
2022-07-15 00:00:00,19.5,14,23.8,,,352,11.1,31.5,1020.7,
2022-07-16 00:00:00,19.4,11.7,25.3,,,320,11.3,35.2,1022.2,
2022-07-17 00:00:00,20.8,12.1,27.9,,,26,9.3,27.8,1025.5,
2022-07-18 00:00:00,24.4,14.9,33,,,92,7.6,25.9,1022.7,
2022-07-19 00:00:00,27.5,17,37,,,91,7.8,29.6,1017.9,
2022-07-20 00:00:00,28.1,20.9,35,,,221,12.1,38.9,1015.8,
2022-07-21 00:00:00,23.4,20.1,27,,,242,18.1,40.8,1019.2,
2022-07-22 00:00:00,22.5,15.8,28.8,,,335,7.8,24.1,1018.4,
2022-07-23 00:00:00,23.4,19.1,28,,,330,10.4,31.5,1017.3,
2022-07-24 00:00:00,24.7,17.6,31.8,,,87,8.9,27.8,1018.2,
2022-07-25 00:00:00,25,18.4,30.3,,,237,14.3,46.3,1011.6,
2022-07-26 00:00:00,22,17.6,25.9,,,275,14.4,35.2,1015.2,
2022-07-27 00:00:00,20.3,17.1,24,,,13,14.1,35.2,1017.5,
2022-07-28 00:00:00,21,14.6,27,,,39,12.8,29.6,1016.1,
2022-07-29 00:00:00,22.1,18.1,26.9,,,9,10.5,29.6,1015.2,
2022-07-30 00:00:00,21.8,15.9,27.5,,,289,12.4,35.2,1017.7,
2022-07-31 00:00:00,22.2,15.5,28.5,,,243,10,35.2,1017.3,
2022-08-01 00:00:00,23.1,19.2,27.6,,,273,11.4,29.6,1016.8,
2022-08-02 00:00:00,23.4,16.5,30.3,,,332,7.9,27.8,1017.7,
2022-08-03 00:00:00,25.7,17.1,33.8,,,124,7.2,25.9,1015.4,
2022-08-04 00:00:00,28.3,20.3,36.4,,,355,9.7,31.5,1012.7,
2022-08-05 00:00:00,24.6,19.9,28,,,313,13.9,38.9,1015.2,
2022-08-06 00:00:00,19.6,14.2,24.4,,,19,14.8,37,1024.7,
2022-08-07 00:00:00,20.5,13.8,26.7,,,29,13.8,35.2,1023.2,
2022-08-08 00:00:00,22.4,15.1,29.2,,,26,13.1,33.3,1022.4,
2022-08-09 00:00:00,24.1,17.3,30.8,,,33,13.7,33.3,1024,
2022-08-10 00:00:00,24.6,18.1,30.7,,,42,11.7,33.3,1023.7,
2022-08-11 00:00:00,24.6,17.6,31.2,,,46,11.2,33.3,1020.9,
2022-08-12 00:00:00,24.5,18.2,30.5,,,49,11.3,35.2,1018.5,
2022-08-13 00:00:00,24.3,16.8,31.4,,,51,9.1,31.5,1016.2,
2022-08-14 00:00:00,25.5,19.3,32.1,,,80,9,27.8,1009.1,
2022-08-15 00:00:00,23.3,20.4,27.3,,,213,13.6,35.2,1006.1,
2022-08-16 00:00:00,22.5,16.7,28.9,,,204,9.5,27.8,1009.4,
2022-08-17 00:00:00,22.9,17.7,28.7,,,91,7.6,24.1,1010.7,
2022-08-18 00:00:00,21.2,17.2,25.2,,,300,8.1,24.1,1012.5,
2022-08-19 00:00:00,22.5,19,26.6,,,309,11.1,31.5,1013.2,
2022-08-20 00:00:00,21.7,18.8,25.7,,,266,12,29.6,1016.4,
2022-08-21 00:00:00,21.2,15,27.5,,,269,8,25.9,1016.7,
2022-08-22 00:00:00,22.2,16.1,28.4,,,71,8,24.1,1014.6,
2022-08-23 00:00:00,23.5,17,30.8,,,110,7.8,24.1,1015.7,
2022-08-24 00:00:00,24.6,18,31.6,,,58,7.9,27.8,1017.7,
2022-08-25 00:00:00,25,19,31.5,,,76,7.9,27.8,1016.1,
2022-08-26 00:00:00,23.6,19.8,27.9,,,358,8.7,31.5,1013.2,
2022-08-27 00:00:00,21.1,19.2,23.8,,,337,11.3,27.8,1014.6,
2022-08-28 00:00:00,20.6,16.8,25,,,15,12.1,29.6,1017.7,
2022-08-29 00:00:00,19.9,14,25.6,,,24,11.3,27.8,1020,
2022-08-30 00:00:00,21.2,14.9,27.7,,,35,11.1,27.8,1018.9,
2022-08-31 00:00:00,20.5,17.7,24,,,38,11.3,27.8,1019.5,
2022-09-01 00:00:00,19.7,15.5,24.5,,,48,10.9,29.6,1019.4,
2022-09-02 00:00:00,19.5,14.7,25.1,,,73,9.7,29.6,1016.1,
2022-09-03 00:00:00,18,14.7,22.4,,,106,8,22.2,1013.8,
2022-09-04 00:00:00,19.7,14.3,26.4,,,152,6.6,24.1,1018.5,
2022-09-05 00:00:00,21.1,14.5,28.5,,,100,6.9,24.1,1020.1,
2022-09-06 00:00:00,21.8,16.1,29,,,138,7.6,25.9,1016.7,
2022-09-07 00:00:00,21,16.3,26.7,,,209,10,31.5,1013.7,
2022-09-08 00:00:00,18.6,16.5,22.1,,,212,14.7,42.6,1010.9,
2022-09-09 00:00:00,16.8,14.4,19.8,,,198,14.9,40.8,1012.1,
2022-09-10 00:00:00,15.8,14.4,17.9,,,205,15.8,37,1014.1,
2022-09-11 00:00:00,17.2,14,21.8,,,265,10.9,29.6,1018.2,
2022-09-12 00:00:00,16.7,11,23.4,,,91,6.1,20.4,1016.7,
2022-09-13 00:00:00,17.1,12.1,22.7,,,160,6.9,22.2,1011.3,
2022-09-14 00:00:00,18.1,16.5,20.8,,,189,8,25.9,1005.8,
2022-09-15 00:00:00,16.8,14.2,18.3,,,294,11.4,31.5,1007.6,
2022-09-16 00:00:00,13.5,11.3,16.5,,,269,13.6,37,1011.3,
2022-09-17 00:00:00,11.8,9.7,14.6,,,257,19.2,44.5,1014,
2022-09-18 00:00:00,10.8,9.7,12.2,,,245,19.4,42.6,1015.7,
2022-09-19 00:00:00,11.4,8.8,14.9,,,264,16.9,37,1019.1,
2022-09-20 00:00:00,11.4,8.1,15.2,,,287,10,27.8,1023.4,
2022-09-21 00:00:00,10.7,5.5,16.3,,,52,6.7,22.2,1026.6,
2022-09-22 00:00:00,11,5.2,17.6,,,78,6.9,22.2,1024,
2022-09-23 00:00:00,11.4,5.7,17.6,,,115,6.9,22.2,1018.4,
2022-09-24 00:00:00,12.6,8.5,17.4,,,115,5.5,18.5,1013.5,
2022-09-25 00:00:00,12.3,10.1,14.2,,,26,7.8,25.9,1013.3,
2022-09-26 00:00:00,10.7,7.1,14.3,,,213,15,42.6,1007.1,
2022-09-27 00:00:00,10.4,8.3,11.6,,,218,19,38.9,999.9,
2022-09-28 00:00:00,9.7,7.4,12.5,,,224,12.1,31.5,999.2,
2022-09-29 00:00:00,8.9,5.1,13.4,,,144,5,18.5,1003.6,
2022-09-30 00:00:00,9.1,4.3,15,,,132,6.7,22.2,1011.4,
2022-10-01 00:00:00,10.3,7.4,13.8,,,201,18,42.6,1011.2,
2022-10-02 00:00:00,12.1,10.4,14,,,220,14.4,33.3,1019.2,
2022-10-03 00:00:00,11.3,8,15.5,,,246,7.1,20.4,1026.6,
2022-10-04 00:00:00,10.1,5.6,16.1,,,134,5.5,18.5,1023.8,
2022-10-05 00:00:00,12.7,7.1,20,,,188,10.8,35.2,1020.9,
2022-10-06 00:00:00,14.1,8.7,18.2,,,229,10,25.9,1028.5,
2022-10-07 00:00:00,10.2,4.6,16.6,,,126,6.2,20.4,1025.6,
2022-10-08 00:00:00,11.9,8.3,16.5,,,238,8.8,29.6,1021.7,
2022-10-09 00:00:00,9.8,4.5,16.4,,,58,7.9,25.9,1024.1,
2022-10-10 00:00:00,12.3,6.7,18.8,,,172,8,25.9,1018.3,
2022-10-11 00:00:00,12,8.2,15.2,,,15,10.5,29.6,1025.1,
2022-10-12 00:00:00,9.6,4.2,16,,,84,7.1,16.7,1024.6,
2022-10-13 00:00:00,9.9,6.4,13.6,,,179,7.1,22.2,1020.9,
2022-10-14 00:00:00,13.1,11.2,15.6,,,183,9.3,24.1,1015.3,
2022-10-15 00:00:00,15.3,13.6,17.6,,,195,13.6,37,1010,
2022-10-16 00:00:00,16.1,14.2,19.1,,,186,10.2,29.6,1016.6,
2022-10-17 00:00:00,17.1,13,22.5,,,179,7.2,24.1,1022.9,
2022-10-18 00:00:00,16,13.5,18.9,,,237,5.9,18.5,1026.8,
2022-10-19 00:00:00,13.3,11.1,16.9,,,42,10.1,25.9,1026.3,
2022-10-20 00:00:00,11.4,8.2,14.5,,,71,8.8,18.5,1018,
2022-10-21 00:00:00,14.1,12.7,16.7,,,156,7.9,27.8,1012.2,
2022-10-22 00:00:00,14.6,12.2,18.8,,,187,8.9,29.6,1015.2,
2022-10-23 00:00:00,13.9,10.1,18.2,,,80,7,20.4,1014.4,
2022-10-24 00:00:00,15.5,13.6,18.1,,,190,14.3,38.9,1012.3,
2022-10-25 00:00:00,13.9,10.7,17.8,,,199,12.7,33.3,1017.6,
2022-10-26 00:00:00,13.4,9.8,18.9,,,158,7.9,27.8,1019,
2022-10-27 00:00:00,13.2,9.4,18.5,,,87,5.9,16.7,1024.7,
2022-10-28 00:00:00,14.9,10.6,20.5,,,166,7,24.1,1023,
2022-10-29 00:00:00,14.9,11.6,19.5,,,155,4.9,16.7,1022.1,
2022-10-30 00:00:00,13.9,10.1,19.8,,,169,5.5,18.5,1019.9,
2022-10-31 00:00:00,12,8.6,16.5,,,53,5.9,16.7,1019.4,
2022-11-01 00:00:00,12.8,8.6,16.5,,,197,12.7,37,1018.3,
2022-11-02 00:00:00,10.4,7.1,14.9,,,197,13.1,38.9,1022.8,
2022-11-03 00:00:00,9.4,5.4,13.4,,,123,6.4,20.4,1013,
2022-11-04 00:00:00,10,7.8,11.8,,,210,10.3,25.9,1008.3,
2022-11-05 00:00:00,8.3,5.9,11.6,,,220,8.6,24.1,1018.8,
2022-11-06 00:00:00,7.4,4.1,10.9,,,174,8.8,25.9,1016.6,
2022-11-07 00:00:00,10.8,8.7,13.7,,,193,15.4,37,1015.3,
2022-11-08 00:00:00,10.8,7.2,14.8,,,173,7.8,24.1,1013.2,
2022-11-09 00:00:00,12,9.9,14.2,,,196,14.1,35.2,1013,
2022-11-10 00:00:00,9.9,7.1,13.3,,,201,11.1,29.6,1026.3,
2022-11-11 00:00:00,6.9,4.7,10.5,,,175,5.2,16.7,1033.6,
2022-11-12 00:00:00,5.9,3.8,9,,,67,5.2,13,1033.2,
2022-11-13 00:00:00,6.3,3,11.1,,,48,7.7,20.4,1024.5,
2022-11-14 00:00:00,6.6,3.4,9.6,,,112,7.6,24.1,1015.7,
2022-11-15 00:00:00,9.9,7.8,12.2,,,150,7.2,18.5,1010.2,
2022-11-16 00:00:00,10.2,8.8,12.5,,,155,8.5,27.8,1003.1,
2022-11-17 00:00:00,9.6,8.4,11.5,,,165,11,35.2,996.1,
2022-11-18 00:00:00,8,6.4,9.5,,,213,7.3,20.4,1003.2,
2022-11-19 00:00:00,3.5,1.8,6.2,,,36,10.7,25.9,1011.6,
2022-11-20 00:00:00,3.3,1.6,5.4,,,187,9.7,38.9,1011.7,
2022-11-21 00:00:00,6.2,5.2,8.4,,,194,14.7,38.9,1004.2,
2022-11-22 00:00:00,6.4,4.9,8,,,189,12.2,31.5,999,
2022-11-23 00:00:00,6.8,5.4,9.2,,,181,10.3,24.1,1003.2,
2022-11-24 00:00:00,7.4,4.9,9.9,,,199,12.7,33.3,1012.9,
2022-11-25 00:00:00,5.7,3.8,7.9,,,183,7.4,22.2,1019,
2022-11-26 00:00:00,5.4,3.3,7.8,,,194,8,20.4,1030.8,
2022-11-27 00:00:00,3.6,1.6,6.3,,,106,5.8,18.5,1025.6,
2022-11-28 00:00:00,4.8,3,6.8,,,127,5.7,14.8,1014.8,
2022-11-29 00:00:00,6.4,5.3,7.9,,,136,5.1,14.8,1018.2,
2022-11-30 00:00:00,6.8,5.7,8.1,,,39,6.3,16.7,1023,
2022-12-01 00:00:00,5.3,3.3,6.4,,,40,10,25.9,1025.4,
2022-12-02 00:00:00,2.5,1.9,3.5,,,27,13.8,29.6,1022.3,
2022-12-03 00:00:00,2.6,2.1,3.3,,,36,13.2,27.8,1019.7,
2022-12-04 00:00:00,2.9,1.8,3.8,,,35,12.5,27.8,1016.1,
2022-12-05 00:00:00,3.5,3,4.1,,,217,9,22.2,1019,
2022-12-06 00:00:00,3.3,2.4,4.3,,,234,7.9,18.5,1019.9,
2022-12-07 00:00:00,3.1,1.9,4.8,,,214,11.6,25.9,1017.1,
2022-12-08 00:00:00,2.6,1.1,3.8,,,197,11.5,29.6,1010.7,
2022-12-09 00:00:00,0.6,-0.7,2.1,,,55,7.5,20.4,1006.7,
2022-12-10 00:00:00,-0.4,-1.5,0.9,,,359,8.7,22.2,1010,
2022-12-11 00:00:00,-1.5,-2.2,-0.6,,,205,7.4,20.4,1012.7,
2022-12-12 00:00:00,-1.7,-3,0.2,,,154,5.7,14.8,1014.1,
2022-12-13 00:00:00,-3.4,-4.6,-1.3,,,62,8.5,22.2,1012.1,
2022-12-14 00:00:00,-3.6,-4.2,-2.7,,,43,8.3,20.4,1004.4,
2022-12-15 00:00:00,-3.9,-5.1,-2.2,,,56,7,22.2,1009.2,
2022-12-16 00:00:00,-3.8,-6,-0.7,,,17,11,24.1,1014.2,
2022-12-17 00:00:00,-5.5,-6.8,-3.6,,,81,5,13,1027.7,
2022-12-18 00:00:00,-4.6,-7,-1.3,,,78,7.3,20.4,1030.9,
2022-12-19 00:00:00,0.2,-3.5,3.2,,,165,7.2,20.4,1025.1,
2022-12-20 00:00:00,4.4,2.6,5.9,,,184,7,18.5,1018.7,
2022-12-21 00:00:00,7.2,5.2,8.7,,,196,11.8,27.8,1013.8,
2022-12-22 00:00:00,8.9,7.9,9.9,,,203,17.8,46.3,1008,
2022-12-23 00:00:00,9.4,8.8,10.1,,,202,13.1,33.3,1006.5,
2022-12-24 00:00:00,9.1,8.2,10.7,,,209,16.4,37,1014.5,
2022-12-25 00:00:00,8.8,7.3,10.3,,,158,7.5,27.8,1015.8,
2022-12-26 00:00:00,9.5,6.7,11.1,,,215,18.7,38.9,1016.9,
2022-12-27 00:00:00,4.7,3.1,6.7,,,211,15.1,33.3,1027.2,
2022-12-28 00:00:00,6.3,2.9,8.5,,,193,18,38.9,1018.1,
2022-12-29 00:00:00,9.8,8.4,11.4,,,206,22.7,46.3,1010.3,
2022-12-30 00:00:00,8.1,6.6,10.6,,,190,14.8,40.8,1013,
2022-12-31 00:00:00,13.7,10.8,16.5,,,207,25.8,51.8,1013.9,
2023-01-01 00:00:00,12.4,10.8,14.6,,,199,15,33.3,1018.8,
2023-01-02 00:00:00,10.8,8.2,13.5,,,207,13.8,35.2,1019.6,
2023-01-03 00:00:00,6.9,5.4,8.8,,,204,10.7,25.9,1029.7,
2023-01-04 00:00:00,8.3,5.6,11.3,,,203,25.1,53.7,1023.2,
2023-01-05 00:00:00,10.8,9.5,11.8,,,224,19.8,42.6,1021.4,
2023-01-06 00:00:00,10.4,9.5,12.1,,,205,15.7,37,1021.7,
2023-01-07 00:00:00,9.2,7.2,11.4,,,188,9.2,24.1,1016.5,
2023-01-08 00:00:00,8.2,6.8,10.2,,,189,11.5,31.5,1005.9,
2023-01-09 00:00:00,7.2,5.5,8.3,,,208,19.1,42.6,1002.9,
2023-01-10 00:00:00,5.6,4.4,6.7,,,206,17.3,37,1019.4,
2023-01-11 00:00:00,8,6.3,9.9,,,201,19.5,38.9,1015.3,
2023-01-12 00:00:00,8.7,7,9.8,,,206,29.1,55.5,1014.3,
2023-01-13 00:00:00,9.2,7.1,10,,,216,26.9,53.7,1012.1,
2023-01-14 00:00:00,7.8,6.7,9.7,,,197,22.6,51.8,1012.7,
2023-01-15 00:00:00,7.5,5.9,10.2,,,218,23.1,50,1004.7,
2023-01-16 00:00:00,5.3,4.8,6,,,184,17.1,48.2,991,
2023-01-17 00:00:00,2.7,0.1,4.8,,,225,14.6,46.3,988.6,
2023-01-18 00:00:00,0,-2.2,2.6,,,334,10.8,24.1,996.9,
2023-01-19 00:00:00,-0.7,-2.6,0.9,,,200,13.4,35.2,1008.7,
2023-01-20 00:00:00,-0.6,-1.8,1.4,,,178,7.1,20.4,1017.2,
2023-01-21 00:00:00,-0.6,-2.5,0.8,,,25,13.7,33.3,1027.6,
2023-01-22 00:00:00,1.4,0.1,2.9,,,13,14.7,31.5,1028.8,
2023-01-23 00:00:00,2.3,0.9,4.1,,,32,14,31.5,1034,
2023-01-24 00:00:00,2.5,1.4,4,,,37,12.8,29.6,1037,
2023-01-25 00:00:00,1.7,-0.1,2.6,,,46,6.5,18.5,1032.9,
2023-01-26 00:00:00,-0.4,-1.6,0.6,,,7,6.6,20.4,1023.9,
2023-01-27 00:00:00,1.7,0.1,3.3,,,28,10.6,27.8,1023.8,
2023-01-28 00:00:00,1.8,-1.6,3.4,,,20,12.3,29.6,1028.5,
2023-01-29 00:00:00,-1.8,-4.1,0.6,,,173,8,25.9,1029.2,
2023-01-30 00:00:00,3,-0.4,5.3,,,228,25.6,48.2,1021,
2023-01-31 00:00:00,4,2.4,5.1,,,221,20.8,44.5,1025,
2023-02-01 00:00:00,6.2,4.9,7.8,,,231,25.5,53.7,1021.4,
2023-02-02 00:00:00,6.9,5.6,8.2,,,238,21.5,40.8,1024.1,
2023-02-03 00:00:00,8.5,7.2,9.9,,,239,24,48.2,1027.3,
2023-02-04 00:00:00,6.2,2.9,8.2,,,349,9.8,33.3,1035.3,
2023-02-05 00:00:00,2.5,1.2,3.6,,,91,6.9,20.4,1037.3,
2023-02-06 00:00:00,3.2,1.6,5.8,,,21,11.2,29.6,1039.4,
2023-02-07 00:00:00,0.9,-1.8,4.6,,,48,9,25.9,1040.4,
2023-02-08 00:00:00,-0.8,-4.6,4.5,,,60,7.8,24.1,1038.5,
2023-02-09 00:00:00,-2.1,-5.7,2.1,,,161,6.5,18.5,1035.6,
2023-02-10 00:00:00,0,-4.4,4.2,,,199,9.3,24.1,1038.9,
2023-02-11 00:00:00,3.2,0.7,5.8,,,204,11.9,25.9,1037.5,
2023-02-12 00:00:00,6,4.2,9,,,112,6,16.7,1038.9,
2023-02-13 00:00:00,5.5,2.4,10,,,73,5.9,16.7,1038.8,
2023-02-14 00:00:00,2.9,-0.1,7.8,,,96,5.1,14.8,1036.5,
2023-02-15 00:00:00,1.7,-1.2,6.6,,,169,6.3,20.4,1030.7,
2023-02-16 00:00:00,3.6,0,7.6,,,204,9.7,25.9,1027.2,
2023-02-17 00:00:00,9.8,6.2,12.8,,,213,23,50,1023.7,
2023-02-18 00:00:00,11.5,10.5,12.2,,,225,25.9,53.7,1022.5,
2023-02-19 00:00:00,10.2,7.8,11.9,,,235,20.7,40.8,1023,
2023-02-20 00:00:00,8.3,5.3,12.4,,,221,17.1,42.6,1025.8,
2023-02-21 00:00:00,8.2,5.1,13.3,,,206,8.6,22.2,1020.9,
2023-02-22 00:00:00,7.2,2.9,12.1,,,129,6.3,18.5,1014.9,
2023-02-23 00:00:00,8.8,6.6,11.5,,,236,7.3,18.5,1014.3,
2023-02-24 00:00:00,6.8,4.8,8.8,,,271,11.4,31.5,1009.2,
2023-02-25 00:00:00,3.8,0.6,5.8,,,308,16.1,37,1009.1,
2023-02-26 00:00:00,0.3,-1.9,3.1,,,21,17.5,44.5,1020.4,
2023-02-27 00:00:00,0.5,-3.1,4.5,,,36,16.1,42.6,1027.6,
2023-02-28 00:00:00,1.4,-2.2,5.3,,,37,15.3,37,1029,
2023-03-01 00:00:00,2.8,-1,7.6,,,33,16.1,38.9,1025.9,
2023-03-02 00:00:00,4.7,0,10.5,,,28,16.1,37,1021.4,
2023-03-03 00:00:00,3.8,0.4,8.5,,,17,12.3,29.6,1023.2,
2023-03-04 00:00:00,2.8,-1.5,6.6,,,293,8.9,25.9,1024,
2023-03-05 00:00:00,3.5,1.4,5.8,,,257,9.9,27.8,1017.6,
2023-03-06 00:00:00,3.1,1.1,5.7,,,212,11.9,31.5,1007.7,
2023-03-07 00:00:00,4.5,2.4,6.6,,,214,25.5,51.8,1001.1,
2023-03-08 00:00:00,4.4,2.4,7,,,192,11,31.5,996.6,
2023-03-09 00:00:00,9.1,6.4,11.9,,,216,19.2,44.5,996.5,
2023-03-10 00:00:00,9.2,5.4,10.7,,,214,26.3,57.4,993.2,
2023-03-11 00:00:00,3,-0.7,4.8,,,272,13.4,50,1010.8,
2023-03-12 00:00:00,3.7,-2.5,10,,,168,11.9,35.2,1012.9,
2023-03-13 00:00:00,12,8.5,16.3,,,205,21.8,46.3,1003.3,
2023-03-14 00:00:00,8.7,3.1,11.7,,,239,23.8,51.8,999.8,
2023-03-15 00:00:00,3.2,1.1,6.3,,,244,11.6,31.5,1017.8,
2023-03-16 00:00:00,4.6,-1,10.6,,,95,7.8,25.9,1018.7,
2023-03-17 00:00:00,9.2,3,16.2,,,148,8.6,27.8,1012.6,
2023-03-18 00:00:00,12.1,8.3,17.3,,,198,9.3,27.8,1013.2,
2023-03-19 00:00:00,10.2,6.2,14.1,,,195,9.2,29.6,1015.9,
2023-03-20 00:00:00,8.8,6.1,11.7,,,214,10.6,31.5,1020.3,
2023-03-21 00:00:00,9.3,6.9,12.1,,,195,9.1,25.9,1017,
2023-03-22 00:00:00,11.4,5.9,16.8,,,202,16.4,46.3,1011.9,
2023-03-23 00:00:00,12.8,11.5,14.9,,,202,19.1,44.5,1008.7,
2023-03-24 00:00:00,12.9,10.1,15.5,,,210,21.4,48.2,1005.9,
2023-03-25 00:00:00,10.4,8.6,13.1,,,219,27.2,59.3,1009,
2023-03-26 00:00:00,8.3,6.4,10.1,,,215,13.5,35.2,1006.3,
2023-03-27 00:00:00,5,2.6,7,,,317,16.7,42.6,1017.6,
2023-03-28 00:00:00,4.5,-0.1,8.8,,,234,10,27.8,1026.7,
2023-03-29 00:00:00,9.3,4.3,15.3,,,171,9.8,31.5,1017.9,
2023-03-30 00:00:00,13.2,11.2,16,,,209,19.6,51.8,1011.1,
2023-03-31 00:00:00,11.3,10.1,12.7,,,204,20.8,50,1003,
2023-04-01 00:00:00,10,8.8,10.8,,,209,23.9,48.2,1001,
2023-04-02 00:00:00,7.4,4.3,8.6,,,49,14.6,37,1016.1,
2023-04-03 00:00:00,4.7,1.1,8.3,,,36,18.3,42.6,1028.8,
2023-04-04 00:00:00,3.8,-0.5,7.9,,,41,12.4,33.3,1027.8,
2023-04-05 00:00:00,4.4,-0.7,10,,,66,6.9,22.2,1023.5,
2023-04-06 00:00:00,5.8,-1.2,12.4,,,153,9.3,31.5,1019.5,
2023-04-07 00:00:00,7.9,6.3,10.2,,,96,6.8,20.4,1017.6,
2023-04-08 00:00:00,7.9,4,11.8,,,37,8.6,25.9,1023.1,
2023-04-09 00:00:00,9,3.9,14.1,,,80,7.7,24.1,1025.4,
2023-04-10 00:00:00,10.8,4.1,17.5,,,120,10.8,35.2,1020.6,
2023-04-11 00:00:00,11.4,8.8,14.2,,,231,18.8,46.3,1014.4,
2023-04-12 00:00:00,8.7,7.2,11.3,,,176,13.8,38.9,1005,
2023-04-13 00:00:00,7.8,5.7,10.5,,,207,17,44.5,1006.5,
2023-04-14 00:00:00,8.2,2.7,14.4,,,178,6.9,22.2,1009.8,
2023-04-15 00:00:00,7.6,2.7,11.2,,,11,10.2,33.3,1010.7,
2023-04-16 00:00:00,9.6,7.6,11.9,,,335,12.3,31.5,1019.7,
2023-04-17 00:00:00,10.3,7.4,13.6,,,24,13.6,37,1023.6,
2023-04-18 00:00:00,10.3,6.5,14.1,,,39,16.1,38.9,1024.1,
2023-04-19 00:00:00,11.1,8,13.9,,,34,17.4,46.3,1022.8,
2023-04-20 00:00:00,7.7,4.9,10.7,,,43,12,35.2,1016.9,
2023-04-21 00:00:00,11,6.5,16.3,,,81,8.3,25.9,1012.7,
2023-04-22 00:00:00,14.7,9.2,20.3,,,133,10.8,35.2,1009.8,
2023-04-23 00:00:00,14.9,12.1,18.8,,,208,14.7,35.2,1008.3,
2023-04-24 00:00:00,11.2,8.8,12.6,,,225,19.9,48.2,1007.9,
2023-04-25 00:00:00,8.4,6.2,10.9,,,280,11.7,33.3,1013.6,
2023-04-26 00:00:00,6.4,1.3,11.3,,,344,6.9,22.2,1019.2,
2023-04-27 00:00:00,9.4,3,15.3,,,32,7.8,20.4,1019.5,
2023-04-28 00:00:00,12.2,9,16.4,,,157,10,29.6,1013.7,
2023-04-29 00:00:00,12.7,10.2,15.4,,,291,11.4,27.8,1016.8,
2023-04-30 00:00:00,12.9,7.2,18.4,,,37,13,33.3,1020.9,
2023-05-01 00:00:00,13.1,9.3,17.4,,,66,9.1,22.2,1016.1,
2023-05-02 00:00:00,12.5,8.8,16.1,,,317,12.8,35.2,1022.1,
2023-05-03 00:00:00,11.5,5.2,17.6,,,35,12,29.6,1026.6,
2023-05-04 00:00:00,14.9,7.2,22.1,,,72,10,27.8,1020.6,
2023-05-05 00:00:00,15.9,10.3,21.1,,,244,8.7,27.8,1017.4,
2023-05-06 00:00:00,15.8,10.3,20.8,,,236,7.2,22.2,1017.2,
2023-05-07 00:00:00,17.3,12.9,21.7,,,47,9.4,25.9,1016.9,
2023-05-08 00:00:00,15.7,13.6,18.8,,,83,9.2,22.2,1021,
2023-05-09 00:00:00,15.6,12.5,19.3,,,137,8.6,25.9,1015.2,
2023-05-10 00:00:00,14.1,12.3,16.3,,,218,12.7,29.6,1011.8,
2023-05-11 00:00:00,12.1,9.4,14.6,,,194,8,20.4,1014.9,
2023-05-12 00:00:00,13.7,10.6,17.3,,,62,9.6,29.6,1015.7,
2023-05-13 00:00:00,14.8,9.7,18.6,,,44,10.1,31.5,1018.6,
2023-05-14 00:00:00,14.6,9.3,18.9,,,38,9.7,29.6,1016.3,
2023-05-15 00:00:00,14.9,9.5,19,,,305,8.7,29.6,1013,
2023-05-16 00:00:00,11.9,9.5,14.6,,,344,14.3,38.9,1017.8,
2023-05-17 00:00:00,11,5.8,15.7,,,4,11.5,33.3,1024.5,
2023-05-18 00:00:00,12,6,16.9,,,35,14.7,35.2,1025.6,
2023-05-19 00:00:00,14,8,18,,,34,15,35.2,1023.1,
2023-05-20 00:00:00,16.6,12.3,20.7,,,30,18.7,38.9,1018.5,
2023-05-21 00:00:00,20.4,14.5,26.3,,,34,13.4,31.5,1013.7,
2023-05-22 00:00:00,20.7,15.3,25.9,,,2,9.2,27.8,1013.1,
2023-05-23 00:00:00,17.1,13.7,18.9,,,325,15.6,37,1017.5,
2023-05-24 00:00:00,11.8,8.5,14.3,,,13,12.9,29.6,1022.4,
2023-05-25 00:00:00,14.5,7.8,20.8,,,26,15,37,1024.3,
2023-05-26 00:00:00,16.4,10.4,21.6,,,26,16.5,37,1025.9,
2023-05-27 00:00:00,17.5,10.8,23.6,,,35,14.5,31.5,1024.3,
2023-05-28 00:00:00,18.7,10.9,25.3,,,34,11.5,29.6,1019,
2023-05-29 00:00:00,19.3,13.4,24.8,,,26,17,38.9,1019.6,
2023-05-30 00:00:00,17.8,13.1,22.1,,,26,18.1,38.9,1022.6,
2023-05-31 00:00:00,19.5,12.6,25.8,,,33,15.8,38.9,1021.8,
2023-06-01 00:00:00,20.3,13.6,25.9,,,18,13.7,35.2,1018.5,
2023-06-02 00:00:00,17.3,12.4,21.8,,,22,16.4,35.2,1018.2,
2023-06-03 00:00:00,18.1,12.7,23.6,,,32,15.9,35.2,1018.5,
2023-06-04 00:00:00,18.8,11.9,24.6,,,31,14.5,33.3,1019.4,
2023-06-05 00:00:00,19.9,12.5,26.3,,,30,13.8,35.2,1018.5,
2023-06-06 00:00:00,20.5,14.1,25.7,,,33,11.5,33.3,1017.8,
2023-06-07 00:00:00,19.6,14.5,24.1,,,36,9.7,31.5,1017.7,
2023-06-08 00:00:00,20.6,15.7,25,,,42,10.2,27.8,1015.3,
2023-06-09 00:00:00,22.1,15.1,28.6,,,56,10.2,31.5,1013.5,
2023-06-10 00:00:00,23.5,17,29.1,,,43,12.3,33.3,1013.8,
2023-06-11 00:00:00,24.2,18.2,29.8,,,50,10.8,33.3,1015.7,
2023-06-12 00:00:00,23.2,16.5,28.8,,,52,10.9,31.5,1015.3,
2023-06-13 00:00:00,21.8,15,27.7,,,47,11.1,35.2,1013.5,
2023-06-14 00:00:00,20.3,14.9,24.8,,,35,14,35.2,1015,
2023-06-15 00:00:00,20.5,14.3,26,,,27,11.4,31.5,1017.8,
2023-06-16 00:00:00,20.4,13.4,26.5,,,5,8.8,29.6,1017.3,
2023-06-17 00:00:00,21.3,12.4,28.7,,,300,8.5,31.5,1015.2,
2023-06-18 00:00:00,23.1,14.4,30.5,,,92,7.6,24.1,1013,
2023-06-19 00:00:00,24.4,19.2,29.4,,,206,11.7,37,1012.6,
2023-06-20 00:00:00,24.3,19.6,30.1,,,205,10.7,33.3,1012.3,
2023-06-21 00:00:00,23.9,19.4,28.6,,,227,10.7,31.5,1015.9,
2023-06-22 00:00:00,23.8,19.9,28.1,,,56,10.2,27.8,1014.6,
2023-06-23 00:00:00,21.8,19.1,25,,,277,20.8,44.5,1019.5,
2023-06-24 00:00:00,21.5,13.3,28.4,,,36,6.4,24.1,1024,
2023-06-25 00:00:00,24.2,16.5,31,,,101,7.2,24.1,1018.6,
2023-06-26 00:00:00,22.9,16.7,27.9,,,264,13.6,44.5,1016.1,
2023-06-27 00:00:00,19.5,14.4,23.4,,,287,12.5,35.2,1019.5,
2023-06-28 00:00:00,19.2,14.2,23.6,,,284,8.2,25.9,1018.6,
2023-06-29 00:00:00,21.2,15.2,26.2,,,130,7.3,25.9,1015.2,
2023-06-30 00:00:00,19.6,17.3,23.1,,,306,10.3,29.6,1012.3,
2023-07-01 00:00:00,17.2,12.6,20.6,,,209,15.7,44.5,1009.4,
2023-07-02 00:00:00,19.1,14.9,23.6,,,233,19.6,42.6,1010.8,
2023-07-03 00:00:00,18.5,13.9,22.7,,,227,18.8,48.2,1013,
2023-07-04 00:00:00,19.8,14,25.1,,,222,14.8,38.9,1013.9,
2023-07-05 00:00:00,18.8,16.7,21.9,,,220,21.8,53.7,1012.8,
2023-07-06 00:00:00,18.8,11.7,25.2,,,235,9.8,31.5,1018.2,
2023-07-07 00:00:00,21.8,12,30.6,,,78,7.9,25.9,1019.5,
2023-07-08 00:00:00,25.6,17.6,33.1,,,112,8.7,27.8,1017.7,
2023-07-09 00:00:00,27.2,18.1,35.5,,,180,8.1,29.6,1018.6,
2023-07-10 00:00:00,25,20.3,29.6,,,285,14.6,37,1019.6,
2023-07-11 00:00:00,25.9,18,33.8,,,219,10.6,37,1014.6,
2023-07-12 00:00:00,23.8,20.5,26.8,,,238,18.5,42.6,1012.2,
2023-07-13 00:00:00,20.5,15,25.3,,,255,14.7,40.8,1017.2,
2023-07-14 00:00:00,20.9,13.2,27.9,,,145,7.6,27.8,1015.8,
2023-07-15 00:00:00,23.1,17.4,28.3,,,189,11.7,38.9,1009.7,
2023-07-16 00:00:00,21.7,17.9,25.8,,,219,19.8,46.3,1015.3,
2023-07-17 00:00:00,20.6,14.9,25.5,,,229,15.4,44.5,1018.9,
2023-07-18 00:00:00,20.1,11.8,27,,,357,6.9,25.9,1019.4,
2023-07-19 00:00:00,21.2,15.3,26.5,,,264,10.8,35.2,1013.3,
2023-07-20 00:00:00,20.2,15.5,24.6,,,269,11.3,31.5,1014.1,
2023-07-21 00:00:00,18.4,15.8,21.3,,,300,8.8,29.6,1012.1,
2023-07-22 00:00:00,18.7,12,24.3,,,225,13.3,40.8,1014.8,
2023-07-23 00:00:00,19.7,15.1,24.1,,,210,16.9,48.2,1011.3,
2023-07-24 00:00:00,19.8,16.6,22.9,,,213,15.7,48.2,1006.2,
2023-07-25 00:00:00,15.6,14.2,16.8,,,323,9.5,29.6,1006.6,
2023-07-26 00:00:00,15.3,11.3,19.1,,,240,12.4,35.2,1013.8,
2023-07-27 00:00:00,16,13.5,18.4,,,194,14.4,37,1010.7,
2023-07-28 00:00:00,19.3,16.8,22.5,,,206,16,35.2,1009,
2023-07-29 00:00:00,20.1,17.7,23.4,,,207,14.8,40.8,1010,
2023-07-30 00:00:00,19.4,16.4,22.6,,,225,16.5,42.6,1013.3,
2023-07-31 00:00:00,18.5,16.3,21.6,,,210,19.6,44.5,1012,
2023-08-01 00:00:00,18.3,16.6,20.7,,,224,21.8,44.5,1003.4,
2023-08-02 00:00:00,17.2,15.3,20.3,,,196,18.1,44.5,1000.5,
2023-08-03 00:00:00,17.6,16.2,19.7,,,216,26.4,53.7,1002.6,
2023-08-04 00:00:00,16.8,15.1,19.5,,,257,9.1,24.1,1012.7,
2023-08-05 00:00:00,17.3,13,22.4,,,241,10,31.5,1014.1,
2023-08-06 00:00:00,14.9,13.9,16.6,,,220,17.4,46.3,1008.1,
2023-08-07 00:00:00,14.8,12.6,18.5,,,247,21.5,42.6,1015.4,
2023-08-08 00:00:00,15.6,10.8,19.5,,,225,17.2,42.6,1016.3,
2023-08-09 00:00:00,17.6,14.7,21.1,,,252,12,29.6,1016.1,
2023-08-10 00:00:00,17.7,10.6,24.4,,,42,6.2,22.2,1021.1,
2023-08-11 00:00:00,21.1,12.5,29.3,,,122,7.2,25.9,1021,
2023-08-12 00:00:00,21.4,17.7,25,,,189,10.7,37,1017.8,
2023-08-13 00:00:00,21.5,17.2,25.9,,,201,8.9,29.6,1017.7,
2023-08-14 00:00:00,22.2,17.4,28.4,,,141,7.9,27.8,1015.2,
2023-08-15 00:00:00,22.3,19.2,25.7,,,215,9,29.6,1016.1,
2023-08-16 00:00:00,22.1,17.6,28,,,46,7.5,22.2,1018.7,
2023-08-17 00:00:00,22.6,18.7,27.5,,,11,8.2,20.4,1017,
2023-08-18 00:00:00,24.4,18.2,31.7,,,75,8.2,22.2,1015.4,
2023-08-19 00:00:00,25.4,19.6,31.7,,,20,8.6,27.8,1015.9,
2023-08-20 00:00:00,25,19.6,31,,,358,8.5,24.1,1020.9,
2023-08-21 00:00:00,25.2,19.8,31,,,356,8.5,24.1,1021.5,
2023-08-22 00:00:00,23.8,18.1,29.1,,,336,9.5,27.8,1019.7,
2023-08-23 00:00:00,22.8,16.9,28.6,,,353,8.1,24.1,1019.5,
2023-08-24 00:00:00,22.7,16.1,29.6,,,96,8,24.1,1015.4,
2023-08-25 00:00:00,22.1,19.3,25.7,,,207,11.7,35.2,1010.2,
2023-08-26 00:00:00,19.6,16.8,22.4,,,219,12.9,33.3,1012.1,
2023-08-27 00:00:00,16.1,13.1,19.2,,,186,9.1,31.5,1010.9,
2023-08-28 00:00:00,14.4,10.4,17.7,,,15,8,24.1,1012.1,
2023-08-29 00:00:00,15.6,12.9,18.9,,,313,8,24.1,1011.1,
2023-08-30 00:00:00,15.1,11.5,19.9,,,201,10.9,35.2,1009.2,
2023-08-31 00:00:00,15.1,11.3,19.3,,,220,15.3,38.9,1012.2,
2023-09-01 00:00:00,16.5,14.5,19.5,,,194,10.5,31.5,1014.6,
2023-09-02 00:00:00,18.7,13.6,24.8,,,57,5.8,20.4,1019.8,
2023-09-03 00:00:00,19.2,14.2,24.9,,,32,8,24.1,1025.8,
2023-09-04 00:00:00,19.9,13.3,26.9,,,58,9.6,25.9,1025.8,
2023-09-05 00:00:00,21,15.4,28.7,,,63,9.1,24.1,1021.6,
2023-09-06 00:00:00,19.6,11.5,28.5,,,11,8.7,22.2,1020.5,
2023-09-07 00:00:00,20,11.5,29.2,,,15,9.5,24.1,1019.6,
2023-09-08 00:00:00,20.1,12.5,29.4,,,355,7.7,18.5,1018.4,
2023-09-09 00:00:00,19.5,10.9,29.5,,,335,7.2,16.7,1017.6,
2023-09-10 00:00:00,20.4,12.6,29.7,,,346,7.1,16.7,1017.9,
2023-09-11 00:00:00,20.7,13.4,29.7,,,272,6.9,18.5,1014.6,
2023-09-12 00:00:00,20.6,15.3,27.2,,,305,7.9,20.4,1012.2,
2023-09-13 00:00:00,19.6,16.6,23.4,,,294,8.7,22.2,1015.5,
2023-09-14 00:00:00,15.3,10.9,20.2,,,346,8.6,18.5,1022.1,
2023-09-15 00:00:00,15.6,8,23.8,,,14,8.4,20.4,1018.8,
2023-09-16 00:00:00,19.2,12.8,26.5,,,357,6.9,16.7,1014.8,
2023-09-17 00:00:00,21,16.3,27.1,,,261,8.1,25.9,1013.7,
2023-09-18 00:00:00,19.7,17.6,22.9,,,219,12,33.3,1008.9,
2023-09-19 00:00:00,17.3,14.8,20.7,,,215,14.1,35.2,1012.8,
2023-09-20 00:00:00,17.6,13.7,23.7,,,202,10.6,29.6,1011.2,
2023-09-21 00:00:00,16.8,11.5,22.9,,,220,8.1,22.2,1002.5,
2023-09-22 00:00:00,16.1,13.1,18.8,,,201,12.4,31.5,1003.6,
2023-09-23 00:00:00,13.3,9.7,17.8,,,222,11.1,27.8,1015.5,
2023-09-24 00:00:00,11.6,6,19,,,257,5.8,18.5,1026.1,
2023-09-25 00:00:00,12.6,5.5,21.5,,,348,7,18.5,1024.7,
2023-09-26 00:00:00,13.5,6.4,22.6,,,299,6.1,14.8,1022.2,
2023-09-27 00:00:00,14.5,8.4,23.4,,,300,5.9,16.7,1020.4,
2023-09-28 00:00:00,16.5,10.6,24.7,,,261,6.5,20.4,1018.1,
2023-09-29 00:00:00,18.1,12.8,24.9,,,252,9.3,31.5,1019,
2023-09-30 00:00:00,14.9,10.7,19.6,,,306,6.1,16.7,1026.4,
2023-10-01 00:00:00,13.1,5.9,21.6,,,244,6.6,20.4,1025.7,
2023-10-02 00:00:00,15,8.5,24.6,,,270,6.2,18.5,1021.9,
2023-10-03 00:00:00,15.3,10.8,22.3,,,236,13.8,40.8,1017.4,
2023-10-04 00:00:00,12.4,8.7,17.9,,,224,7.7,22.2,1028,
2023-10-05 00:00:00,11.4,7.5,16.2,,,227,6.2,20.4,1026.5,
2023-10-06 00:00:00,11.5,6.9,17.9,,,216,6.9,22.2,1026.5,
2023-10-07 00:00:00,13.1,7.8,19.3,,,216,9.6,27.8,1024.2,
2023-10-08 00:00:00,15.8,12.2,20.9,,,267,6.8,18.5,1024.9,
2023-10-09 00:00:00,15.2,11,20.8,,,265,6.7,20.4,1021.2,
2023-10-10 00:00:00,15,10.4,22.2,,,231,6.6,22.2,1020.9,
2023-10-11 00:00:00,16.1,10.2,24.3,,,213,10.1,31.5,1017.2,
2023-10-12 00:00:00,15.6,13.2,18,,,210,9.2,24.1,1015.3,
2023-10-13 00:00:00,18.6,15.1,24.1,,,189,13.1,31.5,1011.8,
2023-10-14 00:00:00,15,8.9,17.3,,,264,16.2,35.2,1011.4,
2023-10-15 00:00:00,7.3,3.6,11.6,,,280,8.2,27.8,1021.5,
2023-10-16 00:00:00,4.5,0.5,10,,,354,5.2,14.8,1023.6,
2023-10-17 00:00:00,6.1,2.2,12.2,,,21,7.8,20.4,1019.4,
2023-10-18 00:00:00,7.1,1.7,12.9,,,46,8.5,20.4,1010.2,
2023-10-19 00:00:00,13.7,10.9,17.4,,,143,6.5,16.7,995.8,
2023-10-20 00:00:00,14,12.9,15.6,,,79,7.9,20.4,984.1,
2023-10-21 00:00:00,14,10.2,16.9,,,196,15.4,35.2,995.1,
2023-10-22 00:00:00,11,8.4,14.6,,,200,11.4,29.6,1009,
2023-10-23 00:00:00,10.2,6.6,14.4,,,35,6.3,16.7,1012.8,
2023-10-24 00:00:00,11.2,8.4,13,,,189,6.9,20.4,1006.2,
2023-10-25 00:00:00,9.5,7.1,11.9,,,149,7.3,24.1,1000.7,
2023-10-26 00:00:00,11,9.8,12.2,,,212,9.8,27.8,996.7,
2023-10-27 00:00:00,10,8.9,12.5,,,225,9.3,29.6,995,
2023-10-28 00:00:00,10.9,9.8,13.1,,,191,13.8,31.5,1000.6,
2023-10-29 00:00:00,12.1,10.5,13.5,,,182,14.5,33.3,1000.2,
2023-10-30 00:00:00,12.2,10.6,14.2,,,163,7.2,20.4,1001.5,
2023-10-31 00:00:00,11.5,10.1,13.4,,,213,13.5,29.6,1003.8,
2023-11-01 00:00:00,12,10.6,14.6,,,188,14.3,27.8,1005.5,
2023-11-02 00:00:00,11.2,9.4,13.7,,,182,15.9,35.2,989.8,
2023-11-03 00:00:00,8.6,5.9,11,,,201,14.8,31.5,989.4,
2023-11-04 00:00:00,8,5.5,9.9,,,180,15.1,31.5,986.9,
2023-11-05 00:00:00,10.2,9.1,11.7,,,205,19.8,38.9,982.9,
2023-11-06 00:00:00,10.1,8.9,12,,,207,18.7,35.2,1004.1,
2023-11-07 00:00:00,8.8,7.1,10.2,,,198,14.6,31.5,1012.8,
2023-11-08 00:00:00,8.5,7.5,10.7,,,199,15.8,33.3,1015.6,
2023-11-09 00:00:00,8.4,6.8,9.9,,,189,15.8,33.3,1006.5,
2023-11-10 00:00:00,8.4,6.9,9.9,,,195,15,33.3,1001.6,
2023-11-11 00:00:00,6.7,4.4,8.7,,,233,10.9,29.6,1005.4,
2023-11-12 00:00:00,5.2,3.9,7.4,,,192,5.9,14.8,1009,
2023-11-13 00:00:00,8.5,4.9,12.3,,,191,11.3,33.3,1006.6,
2023-11-14 00:00:00,10.5,8.7,12.6,,,218,17.9,35.2,1007.1,
2023-11-15 00:00:00,9.9,7.7,12.1,,,233,14.3,29.6,1015.3,
2023-11-16 00:00:00,7.1,6.2,8.8,,,182,8.3,20.4,1014.4,
2023-11-17 00:00:00,5.2,2.4,6.9,,,299,6.7,20.4,1019.6,
2023-11-18 00:00:00,4,1.5,7.7,,,185,7.6,22.2,1024,
2023-11-19 00:00:00,10.6,8,13.5,,,208,16.5,31.5,1012.6,
2023-11-20 00:00:00,10.2,7.9,11.6,,,216,14.5,33.3,1011.4,
2023-11-21 00:00:00,8.1,6.6,9.7,,,332,8.7,24.1,1015.2,
2023-11-22 00:00:00,2.7,0.1,6,,,342,8.6,22.2,1028.8,
2023-11-23 00:00:00,4.4,0.1,9,,,198,14.2,31.5,1023.9,
2023-11-24 00:00:00,6.6,4.1,9.3,,,281,15.7,33.3,1010.2,
2023-11-25 00:00:00,3.2,1.7,5,,,291,11,27.8,1011.1,
2023-11-26 00:00:00,2.6,0.9,4,,,222,8,18.5,1016,
2023-11-27 00:00:00,2.5,1.2,3.8,,,183,10.9,24.1,1004.4,
2023-11-28 00:00:00,1.4,-1.5,2.8,,,315,10.7,31.5,1001.5,
2023-11-29 00:00:00,0.3,-1.2,2,,,203,11.9,29.6,1006.3,
2023-11-30 00:00:00,1.5,0.6,2.7,,,359,5.4,14.8,1002.6,
2023-12-01 00:00:00,0.3,-0.6,1,,,353,10.5,22.2,1004.6,
2023-12-02 00:00:00,-1.8,-2.8,-0.7,,,328,10.7,24.1,1013,
2023-12-03 00:00:00,-2.5,-4,-0.4,,,179,8.6,20.4,1023.4,
2023-12-04 00:00:00,-2.3,-4.1,-0.3,,,100,6.8,18.5,1013.4,
2023-12-05 00:00:00,2.6,-0.1,4.4,,,172,10.7,24.1,1005.9,
2023-12-06 00:00:00,2.7,0.5,3.7,,,227,7.1,16.7,1014.9,
2023-12-07 00:00:00,0.4,-0.9,2.1,,,164,6,14.8,1021,
2023-12-08 00:00:00,1.2,-0.4,3,,,150,5.8,14.8,1012.3,
2023-12-09 00:00:00,5.2,3.1,7.3,,,178,11.2,27.8,1009.1,
2023-12-10 00:00:00,8,6.6,9.5,,,214,19.5,37,1007.3,
2023-12-11 00:00:00,9.4,7.7,11.6,,,220,16.4,35.2,1005.2,
2023-12-12 00:00:00,7.2,5.5,8.6,,,173,6.1,18.5,1006.7,
2023-12-13 00:00:00,7.1,4.5,9,,,216,6.5,16.7,1000.7,
2023-12-14 00:00:00,4.6,3.4,6.3,,,311,6.6,16.7,1016.2,
2023-12-15 00:00:00,4,2.7,5.6,,,203,6.8,18.5,1034.5,
2023-12-16 00:00:00,3.7,1.3,6.4,,,188,7.9,20.4,1042,
2023-12-17 00:00:00,4.2,2.3,5.7,,,187,7.8,18.5,1039.8,
2023-12-18 00:00:00,2.5,0.1,4.9,,,199,8.1,20.4,1034.7,
2023-12-19 00:00:00,1.8,-0.4,5.1,,,200,14.1,31.5,1024.9,
2023-12-20 00:00:00,5.8,4.4,7.1,,,218,14.9,33.3,1016.8,
2023-12-21 00:00:00,8.5,7.2,10.1,,,236,22.9,42.6,1003.5,
2023-12-22 00:00:00,7.1,5.8,8.1,,,274,19.4,38.9,1003.7,
2023-12-23 00:00:00,8.5,7.3,9.6,,,254,18.8,37,1010.1,
2023-12-24 00:00:00,9.8,9,11,,,219,22.1,42.6,1010.8,
2023-12-25 00:00:00,10.7,10.3,10.8,,,215,22,38.9,1011.2,
2023-12-26 00:00:00,9.4,5.5,10.8,,,224,17,37,1015.6,
2023-12-27 00:00:00,5.6,4.1,8.2,,,173,6.3,16.7,1020,
2023-12-28 00:00:00,7.3,4.6,9.8,,,203,16.1,33.3,1017,
2023-12-29 00:00:00,9.1,8,10.4,,,208,21.5,38.9,1013.7,
2023-12-30 00:00:00,8.4,5.7,10.2,,,209,14,37,1014.9,
2023-12-31 00:00:00,6.7,4.8,8.8,,,170,11.6,29.6,1006.5,
2024-01-01 00:00:00,6.9,5.7,8.1,,,204,18.7,37,1008.8,
2024-01-02 00:00:00,8.5,6.3,10.2,,,197,22.9,48.2,999.9,
2024-01-03 00:00:00,10,9.1,10.9,,,214,23.6,44.5,996.2,
2024-01-04 00:00:00,8.2,5.6,9.5,,,229,15.1,37,1003.7,
2024-01-05 00:00:00,6.2,4.4,8.7,,,191,9,24.1,1003.8,
2024-01-06 00:00:00,4.4,3.5,5.5,,,233,7.1,18.5,1008.7,
2024-01-07 00:00:00,1.7,-1.1,3.5,,,3,13.1,25.9,1019.1,
2024-01-08 00:00:00,-2.2,-4.8,-0.9,,,16,12.8,27.8,1028.5,
2024-01-09 00:00:00,-4.8,-6.6,-1.9,,,358,11.5,22.2,1031.6,
2024-01-10 00:00:00,-4.7,-7.1,-1.7,,,357,8.2,18.5,1030.1,
2024-01-11 00:00:00,-3.8,-6.9,-0.4,,,335,8,18.5,1032.2,
2024-01-12 00:00:00,-1.7,-3.5,-0.3,,,321,6.1,16.7,1032.6,
2024-01-13 00:00:00,-0.1,-1.2,1.2,,,194,11.3,25.9,1025.1,
2024-01-14 00:00:00,0.5,-0.1,1.1,,,197,13.7,27.8,1012.7,
2024-01-15 00:00:00,0.7,-0.1,1.6,,,231,15.5,29.6,1005,
2024-01-16 00:00:00,-0.7,-3.6,0.8,,,212,9.8,24.1,1010.6,
2024-01-17 00:00:00,-2.2,-4,0.4,,,2,5.1,18.5,995.3,
2024-01-18 00:00:00,-1.1,-3,-0.1,,,332,11,25.9,998.7,
2024-01-19 00:00:00,-2.7,-4.8,-0.1,,,229,6.6,18.5,1021.3,
2024-01-20 00:00:00,-5.4,-7.6,-2.1,,,227,6,14.8,1031.7,
2024-01-21 00:00:00,-3,-7.9,2.5,,,204,11.5,27.8,1028.2,
2024-01-22 00:00:00,5.3,2.7,7,,,203,21.4,42.6,1017.4,
2024-01-23 00:00:00,6.2,4.7,7.8,,,215,17.1,35.2,1025.9,
2024-01-24 00:00:00,10.1,7.8,12.5,,,235,21.4,42.6,1023.4,
2024-01-25 00:00:00,6.6,5.5,8.3,,,212,8.2,20.4,1029.4,
2024-01-26 00:00:00,7.2,3.8,9.7,,,223,11.8,29.6,1027.4,
2024-01-27 00:00:00,2,-1.3,5.8,,,247,5.8,16.7,1037.1,
2024-01-28 00:00:00,0.2,-3.5,5.7,,,8,6.2,14.8,1033.7,
2024-01-29 00:00:00,1.4,-2.3,5.9,,,269,5.7,14.8,1031.3,
2024-01-30 00:00:00,3.6,0.5,6.7,,,210,6.7,18.5,1031.7,
2024-01-31 00:00:00,4.2,1.5,7.4,,,234,6.2,18.5,1033.5,
2024-02-01 00:00:00,5.4,2.4,8.8,,,254,10,24.1,1030.2,
2024-02-02 00:00:00,4.8,0.6,8.5,,,207,11.9,29.6,1031.8,
2024-02-03 00:00:00,8.8,7.5,10.2,,,213,15.2,27.8,1027.9,
2024-02-04 00:00:00,10.3,9.2,11.4,,,225,17.3,33.3,1024.4,
2024-02-05 00:00:00,10.2,7.7,12,,,226,18.7,37,1022.2,
2024-02-06 00:00:00,8.8,7.5,10,,,211,21.7,38.9,1016.4,
2024-02-07 00:00:00,8.4,5,10,,,235,17.4,42.6,1006,
2024-02-08 00:00:00,6.3,4.5,9.3,,,267,7.4,22.2,999.9,
2024-02-09 00:00:00,10.9,8.4,13.2,,,193,12,29.6,990.6,
2024-02-10 00:00:00,10.9,8.8,13.6,,,61,6.1,14.8,988,
2024-02-11 00:00:00,8.4,6.6,10.6,,,216,10,25.9,992.6,
2024-02-12 00:00:00,7.5,4.6,10,,,231,7.7,22.2,1005.1,
2024-02-13 00:00:00,4.7,1.8,8.1,,,219,8.5,25.9,1019.6,
2024-02-14 00:00:00,7.8,3.9,10.9,,,189,12.4,27.8,1020.6,
2024-02-15 00:00:00,10.9,9.1,14.1,,,168,7.9,18.5,1018.8,
2024-02-16 00:00:00,10.9,7.3,14.9,,,197,8.6,25.9,1016.8,
2024-02-17 00:00:00,10,6.8,12.9,,,301,6.2,16.7,1030,
2024-02-18 00:00:00,7.5,4.4,10.6,,,209,10.3,29.6,1029.8,
2024-02-19 00:00:00,9.3,7.7,11.8,,,247,11.1,29.6,1026.4,
2024-02-20 00:00:00,7.9,5.9,10.5,,,243,8.1,22.2,1028.2,
2024-02-21 00:00:00,8.1,6,10.6,,,193,13.1,29.6,1019.1,
2024-02-22 00:00:00,9.9,8.3,11.2,,,198,22.4,50,996.3,
2024-02-23 00:00:00,6.7,2.9,9.2,,,209,16.8,44.5,996.4,
2024-02-24 00:00:00,4.3,1.8,7.6,,,206,10.3,33.3,1002.3,
2024-02-25 00:00:00,4.9,1.5,9.2,,,179,9.1,27.8,1004.4,
2024-02-26 00:00:00,6,3.9,8.8,,,39,9,20.4,1002.2,
2024-02-27 00:00:00,7.4,4.9,11.1,,,359,11.7,24.1,1014,
2024-02-28 00:00:00,4.3,0.7,9.5,,,318,6.4,18.5,1021.5,
2024-02-29 00:00:00,4,-0.7,10.7,,,241,6.6,20.4,1015,
2024-03-01 00:00:00,5.2,1.6,10,,,211,7.8,27.8,1006.9,
2024-03-02 00:00:00,7.5,2.6,13.5,,,75,7.2,20.4,1004.3,
2024-03-03 00:00:00,9.4,5.3,15.5,,,30,9,22.2,1000.9,
2024-03-04 00:00:00,7.7,4.3,11.2,,,320,8.4,18.5,1009.6,
2024-03-05 00:00:00,6.9,4.1,9,,,241,6.2,16.7,1015,
2024-03-06 00:00:00,5.7,2.2,10.1,,,326,6.9,18.5,1022,
2024-03-07 00:00:00,5.1,1.9,8.6,,,32,9.3,22.2,1022.7,
2024-03-08 00:00:00,5.4,0.6,10.9,,,70,12.9,31.5,1013.9,
2024-03-09 00:00:00,6.4,1.4,12.8,,,61,9.2,22.2,1004.5,
2024-03-10 00:00:00,9.2,5.1,14.3,,,33,9.7,22.2,997.2,
2024-03-11 00:00:00,8.4,4.7,11.4,,,212,13.5,31.5,1003.9,
2024-03-12 00:00:00,7,3.9,10.2,,,202,9.3,20.4,1015.5,
2024-03-13 00:00:00,8.4,6.2,11.2,,,163,7.3,18.5,1017.5,
2024-03-14 00:00:00,10.7,7,16,,,177,6.9,20.4,1014.9,
2024-03-15 00:00:00,11,7.3,15.4,,,207,13.3,33.3,1011.8,
2024-03-16 00:00:00,10.4,5,13,,,257,12.1,29.6,1018.2,
2024-03-17 00:00:00,7.2,2,12.8,,,266,6,16.7,1022.9,
2024-03-18 00:00:00,8.2,5,12.8,,,358,5.7,14.8,1017.3,
2024-03-19 00:00:00,9.1,5,14.8,,,253,5.8,14.8,1019.6,
2024-03-20 00:00:00,10.1,4.4,17.3,,,288,6.1,16.7,1020.1,
2024-03-21 00:00:00,10.1,5.6,15.2,,,310,9.9,31.5,1022.1,
2024-03-22 00:00:00,10.5,4.9,16.6,,,219,9,27.8,1018.4,
2024-03-23 00:00:00,7,3.5,9.2,,,274,13.4,37,1010.5,
2024-03-24 00:00:00,5.3,2.9,8,,,228,16.2,37,1007.4,
2024-03-25 00:00:00,6.5,3.5,10.3,,,187,9.5,22.2,1007,
2024-03-26 00:00:00,7.6,1.8,14.9,,,50,8.6,20.4,995,
2024-03-27 00:00:00,8.5,4.8,12.5,,,287,9.7,25.9,988.8,
2024-03-28 00:00:00,7.7,5,11,,,202,15.5,46.3,992.7,
2024-03-29 00:00:00,8.5,5.5,12.1,,,185,9.8,25.9,998.3,
2024-03-30 00:00:00,12.1,6.6,18.3,,,290,8.3,20.4,997.9,
2024-03-31 00:00:00,11.7,7.3,17.5,,,278,6.9,18.5,998.7,
2024-04-01 00:00:00,9.8,8.5,11.4,,,264,11.3,31.5,998,
2024-04-02 00:00:00,10,6.5,13.8,,,217,17.8,42.6,1008.9,
2024-04-03 00:00:00,10.1,8.3,11.8,,,195,13,31.5,1009.2,
2024-04-04 00:00:00,11.8,9.8,14,,,203,18.1,42.6,1010.8,
2024-04-05 00:00:00,14.9,11.2,19.2,,,195,14.2,38.9,1013.4,
2024-04-06 00:00:00,17.5,11.4,25.4,,,203,10.6,33.3,1014.9,
2024-04-07 00:00:00,16.5,10.4,22.7,,,234,8.5,25.9,1015.2,
2024-04-08 00:00:00,18.1,11.9,25.2,,,241,10.2,27.8,1009.6,
2024-04-09 00:00:00,12.6,8.6,14.9,,,252,13.8,35.2,1012.1,
2024-04-10 00:00:00,9.4,5.1,14.5,,,229,7.8,18.5,1027.5,
2024-04-11 00:00:00,9.4,1.9,16.7,,,232,7.3,22.2,1033.1,
2024-04-12 00:00:00,13.1,6.3,20.5,,,244,6.5,18.5,1032.2,
2024-04-13 00:00:00,15.4,8.5,22.8,,,225,8.4,27.8,1026.6,
2024-04-14 00:00:00,15.3,11.2,19.8,,,282,9.3,25.9,1020.3,
2024-04-15 00:00:00,11.9,7.1,15.3,,,265,15.7,50,1010.7,
2024-04-16 00:00:00,7.1,4.9,9.3,,,241,18.5,44.5,1005.4,
2024-04-17 00:00:00,6.5,4.6,8.6,,,315,10.2,27.8,1010.5,
2024-04-18 00:00:00,6.7,3.6,10.8,,,325,9.3,25.9,1016.4,
2024-04-19 00:00:00,6.3,4.5,8.2,,,236,15.2,37,1012.7,
2024-04-20 00:00:00,6.3,4.5,8.2,,,313,11.5,27.8,1017.6,
2024-04-21 00:00:00,5,3.3,6.5,,,337,11.5,31.5,1020.5,
2024-04-22 00:00:00,4.1,0,7.7,,,355,9.8,24.1,1023.1,
2024-04-23 00:00:00,4.9,-1.3,10.1,,,344,9,22.2,1019.4,
2024-04-24 00:00:00,5.3,2.1,8,,,260,9.6,29.6,1010.4,
2024-04-25 00:00:00,6.4,3.9,9.3,,,221,10.7,29.6,1007.9,
2024-04-26 00:00:00,8.2,2,14.1,,,195,9,27.8,1006.2,
2024-04-27 00:00:00,11.6,3.9,19.5,,,223,8.2,25.9,1008.1,
2024-04-28 00:00:00,12.9,7.8,17.5,,,237,12,37,1011.5,
2024-04-29 00:00:00,13.2,6.9,19.9,,,247,6.6,18.5,1020.7,
2024-04-30 00:00:00,17.2,9.2,25.5,,,356,7.9,18.5,1015.3,
2024-05-01 00:00:00,18.6,10.3,26,,,16,9.5,24.1,1005.9,
2024-05-02 00:00:00,16.8,11.9,21.6,,,212,9.2,29.6,999.7,
2024-05-03 00:00:00,13.4,9.6,15.3,,,225,15.4,33.3,1010.8,
2024-05-04 00:00:00,11.8,5.9,16.9,,,203,6.9,20.4,1015,
2024-05-05 00:00:00,14.3,11.4,18.3,,,214,10.4,24.1,1010.1,
2024-05-06 00:00:00,13.5,11.6,16,,,239,8.2,22.2,1008.3,
2024-05-07 00:00:00,13.7,11.7,15.9,,,329,9.9,24.1,1015.6,
2024-05-08 00:00:00,12.8,7.4,17.6,,,353,8.9,20.4,1024.1,
2024-05-09 00:00:00,13.6,6,20,,,344,7.6,18.5,1026,
2024-05-10 00:00:00,15.4,7.8,22,,,352,7.9,16.7,1023,
2024-05-11 00:00:00,16.4,8.1,23.4,,,8,8.1,18.5,1021,
2024-05-12 00:00:00,17.4,9.1,24.4,,,43,9.6,24.1,1017.2,
2024-05-13 00:00:00,17.4,10.7,22.9,,,239,8.2,20.4,1013,
2024-05-14 00:00:00,18.9,10.8,25.9,,,56,10.9,29.6,1007.5,
2024-05-15 00:00:00,16.9,12.1,22,,,320,8.2,18.5,1005.6,
2024-05-16 00:00:00,16.5,13.6,20,,,258,8.2,22.2,1005.3,
2024-05-17 00:00:00,13.9,12.6,15.5,,,342,7.8,18.5,1005.2,
2024-05-18 00:00:00,14.3,11.6,17.6,,,221,7.8,22.2,1009.8,
2024-05-19 00:00:00,14.4,11.8,17.8,,,215,8.2,20.4,1010.7,
2024-05-20 00:00:00,15.4,9.6,21.5,,,256,5.9,16.7,1010.5,
2024-05-21 00:00:00,15.6,11.2,19.8,,,313,8.7,20.4,1006.8,
2024-05-22 00:00:00,15.9,13.1,19.1,,,215,12.1,27.8,1009.6,
2024-05-23 00:00:00,15.1,8.9,20.3,,,237,6.4,16.7,1015.6,
2024-05-24 00:00:00,14.3,12.4,17.1,,,228,6.4,16.7,1017.2,
2024-05-25 00:00:00,15.3,10.4,20.1,,,214,7.3,20.4,1017.5,
2024-05-26 00:00:00,16.5,9.8,22.5,,,227,8.6,25.9,1017.2,
2024-05-27 00:00:00,16.9,12.9,20.8,,,207,8.2,22.2,1017.1,
2024-05-28 00:00:00,14.7,10.5,18.4,,,235,9.8,24.1,1018.8,
2024-05-29 00:00:00,15.3,13.7,17.4,,,188,12.1,29.6,1013.2,
2024-05-30 00:00:00,15,13.3,16.8,,,249,8.3,20.4,1006.4,
2024-05-31 00:00:00,14.3,11.5,17,,,315,8.7,18.5,1009.5,
2024-06-01 00:00:00,15.4,13.4,18,,,312,9.7,22.2,1013.7,
2024-06-02 00:00:00,16.9,15,19,,,331,11.1,25.9,1018.3,
2024-06-03 00:00:00,14.7,10.8,18.4,,,333,10.6,24.1,1019.2,
2024-06-04 00:00:00,15,8.4,20.9,,,242,7.9,20.4,1015.2,
2024-06-05 00:00:00,16,12.9,19.1,,,232,10.3,27.8,1012.5,
2024-06-06 00:00:00,15.2,9.4,20.8,,,296,8.6,22.2,1016.5,
2024-06-07 00:00:00,15.3,7.8,21.2,,,294,7.9,18.5,1018.1,
2024-06-08 00:00:00,16.2,7.4,22.8,,,265,8.9,24.1,1012.9,
2024-06-09 00:00:00,15.6,10.3,20.2,,,326,9.8,24.1,1010.2,
2024-06-10 00:00:00,13.4,8.5,17.5,,,266,13,31.5,1008.5,
2024-06-11 00:00:00,12.2,8.3,15.8,,,265,10.7,24.1,1015,
2024-06-12 00:00:00,11.7,5.8,16.2,,,315,7.9,22.2,1019,
2024-06-13 00:00:00,13.2,7.8,17.7,,,259,7.2,18.5,1018.5,
2024-06-14 00:00:00,14.6,9.9,18.6,,,213,11.3,33.3,1011.1,
2024-06-15 00:00:00,16.3,12.9,19,,,209,17.4,42.6,1007.5,
2024-06-16 00:00:00,15.4,11.2,18.8,,,195,13.5,35.2,1009.9,
2024-06-17 00:00:00,17.3,14.2,20.5,,,192,11.3,29.6,1012.6,
2024-06-18 00:00:00,19,13,24.6,,,279,8.2,24.1,1013.2,
2024-06-19 00:00:00,18.2,16.1,19.3,,,337,9,22.2,1015,
2024-06-20 00:00:00,18.1,12,23.5,,,24,8.8,20.4,1018.6,
2024-06-21 00:00:00,19.4,16.8,22,,,232,10.9,31.5,1013,
2024-06-22 00:00:00,16.8,13.9,19.7,,,222,10.5,25.9,1014.2,
2024-06-23 00:00:00,18,12.9,22.6,,,330,7.5,20.4,1018.2,
2024-06-24 00:00:00,19.9,12.4,25.8,,,0,9.1,20.4,1018.7,
2024-06-25 00:00:00,21.3,13.9,27.6,,,6,10.2,24.1,1014.7,
2024-06-26 00:00:00,22,15.3,27.1,,,332,8.3,18.5,1010.6,
2024-06-27 00:00:00,23.1,18.3,28.2,,,247,8.1,24.1,1009.3,
2024-06-28 00:00:00,21.7,17.2,25.2,,,285,9.4,25.9,1014.4,
2024-06-29 00:00:00,21.2,12.2,28.6,,,357,10.3,27.8,1013,
2024-06-30 00:00:00,20.1,17.2,22.9,,,253,11.4,25.9,1007.5,
2024-07-01 00:00:00,16.9,14.6,18.4,,,258,11,25.9,1014.2,
2024-07-02 00:00:00,14.5,11.8,17.3,,,249,8.9,25.9,1015.3,
2024-07-03 00:00:00,13.6,11.8,16.6,,,268,6.6,16.7,1011.8,
2024-07-04 00:00:00,15.6,11.7,19.1,,,221,13.8,33.3,1009.1,
2024-07-05 00:00:00,16,10.2,20.8,,,225,10.9,33.3,1012.4,
2024-07-06 00:00:00,17.7,12.8,22.3,,,236,12,37,1006.3,
2024-07-07 00:00:00,15.3,8.8,20.2,,,220,8.9,25.9,1014.1,
2024-07-08 00:00:00,17.1,8.3,24.1,,,262,7.2,18.5,1016.9,
2024-07-09 00:00:00,22.2,12.1,30.7,,,226,9.1,24.1,1015.1,
2024-07-10 00:00:00,21.4,18.8,23.9,,,225,9,25.9,1015.1,
2024-07-11 00:00:00,21,17.6,24.8,,,252,7.3,18.5,1016.8,
2024-07-12 00:00:00,20,16.8,24.1,,,274,11.7,31.5,1011.1,
2024-07-13 00:00:00,16.9,12.2,21,,,263,9.4,24.1,1013.4,
2024-07-14 00:00:00,17.4,10.1,23.5,,,249,8.7,25.9,1013.8,
2024-07-15 00:00:00,20.3,11.8,28.1,,,22,8,20.4,1011.9,
2024-07-16 00:00:00,20.7,16.7,23.1,,,215,15.5,37,1012.6,
2024-07-17 00:00:00,18.9,13.8,24,,,238,8.1,20.4,1019.7,
2024-07-18 00:00:00,20.3,12.5,27,,,5,8,18.5,1021.8,
2024-07-19 00:00:00,22.1,14.1,28.9,,,0,8.7,18.5,1018.5,
2024-07-20 00:00:00,23.9,17,30.4,,,257,7.8,20.4,1010.9,
2024-07-21 00:00:00,23.2,19,26.8,,,270,7.9,18.5,1007.6,
2024-07-22 00:00:00,21.6,18.7,25.1,,,300,8.2,20.4,1015.5,
2024-07-23 00:00:00,19.7,15.5,24.2,,,241,10.9,33.3,1017.9,
2024-07-24 00:00:00,18.5,14.6,22.6,,,304,8.2,22.2,1019.3,
2024-07-25 00:00:00,18.7,12,24.8,,,256,7,16.7,1015.9,
2024-07-26 00:00:00,19.8,15.7,24.5,,,237,8.3,24.1,1011.8,
2024-07-27 00:00:00,19.9,18.3,22.3,,,222,6.7,16.7,1013.5,
2024-07-28 00:00:00,19.4,15.5,23.7,,,311,9.8,22.2,1022.2,
2024-07-29 00:00:00,19.4,10.7,27,,,19,8.8,20.4,1023.4,
2024-07-30 00:00:00,21.8,12.9,30.8,,,342,8,18.5,1017.2,
2024-07-31 00:00:00,23.3,15.5,30,,,339,8.7,24.1,1013.6,
2024-08-01 00:00:00,21.8,17.9,25.5,,,259,7.7,18.5,1011.6,
2024-08-02 00:00:00,21.1,18.6,24.6,,,317,7.9,20.4,1011.2,
2024-08-03 00:00:00,20,15.6,24.3,,,254,7,20.4,1011.7,
2024-08-04 00:00:00,19.3,16.9,22.1,,,251,8.6,24.1,1013.9,
2024-08-05 00:00:00,18.9,14,24.9,,,0,6.5,14.8,1015.3,
2024-08-06 00:00:00,20.8,12.7,28.2,,,300,7.6,18.5,1012.3,
2024-08-07 00:00:00,20.3,15.5,24.8,,,261,8.8,25.9,1011.9,
2024-08-08 00:00:00,19.3,15.4,23.8,,,288,7.8,20.4,1016.3,
2024-08-09 00:00:00,20.3,13.8,26.3,,,233,11.6,33.3,1016.6,
2024-08-10 00:00:00,21.2,15.1,27.2,,,281,8,24.1,1019.9,
2024-08-11 00:00:00,22.1,14.1,29.2,,,350,8.6,20.4,1020.2,
2024-08-12 00:00:00,24.3,16.8,31.9,,,269,9,25.9,1013.5,
2024-08-13 00:00:00,25.7,18.7,32.1,,,278,7.4,24.1,1010,
2024-08-14 00:00:00,23.2,19.2,27.4,,,273,8.5,22.2,1010.8,
2024-08-15 00:00:00,22.3,16.9,28.5,,,247,7.1,20.4,1016.5,
2024-08-16 00:00:00,22.3,16.3,28.4,,,260,8.9,25.9,1016.1,
2024-08-17 00:00:00,20.7,16.4,24.8,,,261,7.4,20.4,1013.1,
2024-08-18 00:00:00,19.2,17.3,20.3,,,265,7.9,25.9,1010.4,
2024-08-19 00:00:00,18.5,13.9,23.6,,,351,8.1,16.7,1017.1,
2024-08-20 00:00:00,18.8,11.9,24.9,,,227,7.9,20.4,1013.8,
2024-08-21 00:00:00,18.2,14.2,21.3,,,268,10.8,27.8,1016,
2024-08-22 00:00:00,16.7,9.9,23.8,,,223,8.7,25.9,1015,
2024-08-23 00:00:00,19.7,12,26.7,,,210,13.7,40.8,1011.1,
2024-08-24 00:00:00,23.5,16.1,31.7,,,183,12.4,37,1010.9,
2024-08-25 00:00:00,19.4,13.2,22.4,,,258,11.6,24.1,1018.5,
2024-08-26 00:00:00,15.7,8.7,22.8,,,329,7.1,16.7,1022.3,
2024-08-27 00:00:00,18,9.8,26.3,,,22,9.3,22.2,1020.9,
2024-08-28 00:00:00,20.8,13.8,28.5,,,315,9.1,20.4,1017.2,
2024-08-29 00:00:00,21.5,14.8,28.8,,,257,9.7,25.9,1015.8,
2024-08-30 00:00:00,19.1,15.3,23.4,,,284,9.7,22.2,1019.9,
2024-08-31 00:00:00,17.8,12.7,23.5,,,322,10.6,22.2,1021.3,
2024-09-01 00:00:00,17.5,12,23,,,324,10.4,22.2,1022,
2024-09-02 00:00:00,17.7,12.5,23.1,,,332,10.8,22.2,1021.9,
2024-09-03 00:00:00,17.6,12.5,23.1,,,274,10.1,24.1,1020.5,
2024-09-04 00:00:00,20.1,17.2,23.1,,,307,7.9,18.5,1014.4,
2024-09-05 00:00:00,22.8,17.4,29.9,,,11,11.8,27.8,1008.6,
2024-09-06 00:00:00,19.8,16.9,23.7,,,245,7.4,18.5,1010.3,
2024-09-07 00:00:00,20.1,13.3,28.4,,,6,7.9,18.5,1011.9,
2024-09-08 00:00:00,18.1,15,21,,,247,8.3,24.1,1010,
2024-09-09 00:00:00,15.9,14.7,17.9,,,227,11.7,31.5,1005.8,
2024-09-10 00:00:00,15.5,13.3,18.1,,,231,11.9,31.5,1011.5,
2024-09-11 00:00:00,13.5,8.6,14.9,,,225,14.6,33.3,1007.6,
2024-09-12 00:00:00,9.4,6.2,13.6,,,225,7.6,20.4,1013.4,
2024-09-13 00:00:00,9.5,5.1,13.9,,,326,10.7,25.9,1020.8,
2024-09-14 00:00:00,11,7.9,14.7,,,327,12.4,29.6,1028.1,
2024-09-15 00:00:00,10.9,4.8,17.1,,,323,9.3,24.1,1027,
2024-09-16 00:00:00,13.3,9.5,16.2,,,332,9.6,24.1,1022.9,
2024-09-17 00:00:00,16.1,10.9,21.5,,,359,13,29.6,1023.7,
2024-09-18 00:00:00,18.1,12.6,24.3,,,8,13.1,31.5,1023.8,
2024-09-19 00:00:00,17.4,12.3,23,,,5,12.3,29.6,1021.9,
2024-09-20 00:00:00,16.5,10.4,23.4,,,23,10.1,25.9,1020.7,
2024-09-21 00:00:00,16.2,10.6,23.6,,,355,7,16.7,1020.3,
2024-09-22 00:00:00,15.7,9.5,23.9,,,292,6.4,16.7,1016.1,
2024-09-23 00:00:00,15.7,13.1,19.5,,,225,7.6,24.1,1010.6,
2024-09-24 00:00:00,15.2,13.5,17.4,,,197,13,35.2,1006.7,
2024-09-25 00:00:00,15.4,14.3,17.3,,,198,15.3,31.5,1006.8,
2024-09-26 00:00:00,15.9,13.8,18,,,192,18.5,37,997,
2024-09-27 00:00:00,14.6,12.5,16.3,,,212,21.5,44.5,1001.5,
2024-09-28 00:00:00,11.7,7.1,14.7,,,285,10.5,29.6,1017.2,
2024-09-29 00:00:00,8.6,4.1,13.8,,,50,6.5,20.4,1027.6,
2024-09-30 00:00:00,10.1,6.1,13.9,,,95,7.7,20.4,1016.4,
2024-10-01 00:00:00,13.7,8.8,16.9,,,212,14.7,33.3,1010.3,
2024-10-02 00:00:00,10.4,7.3,15,,,314,6.8,16.7,1009.5,
2024-10-03 00:00:00,10.8,8.8,13.6,,,355,11.2,27.8,1015.8,
2024-10-04 00:00:00,10.7,8.1,14.2,,,351,10.9,25.9,1018.9,
2024-10-05 00:00:00,9.8,6.1,14.6,,,356,7.6,18.5,1019,
2024-10-06 00:00:00,9,4.3,14.4,,,78,6.8,20.4,1011.6,
2024-10-07 00:00:00,13.4,10.1,16.8,,,156,6.2,18.5,1005.6,
2024-10-08 00:00:00,15.3,13.8,16.3,,,171,7.9,20.4,1002.4,
2024-10-09 00:00:00,13.5,12.2,14.8,,,164,8.3,18.5,995.7,
2024-10-10 00:00:00,13.6,10,15.7,,,244,14.5,33.3,995.6,
2024-10-11 00:00:00,9.5,4.9,12.4,,,307,6.3,16.7,1015,
2024-10-12 00:00:00,7.4,2.7,12.4,,,89,6.9,16.7,1015.1,
2024-10-13 00:00:00,10.5,5.5,12.3,,,256,12.6,33.3,1015,
2024-10-14 00:00:00,7.4,2.3,12.4,,,351,5.2,13,1018.8,
2024-10-15 00:00:00,9.7,6.7,13.5,,,29,7.8,20.4,1020.9,
2024-10-16 00:00:00,12.8,10.2,16.8,,,63,7.8,18.5,1015.5,
2024-10-17 00:00:00,14.1,11,18.6,,,31,5.3,13,1014.1,
2024-10-18 00:00:00,13.6,11.5,16.4,,,341,5.8,14.8,1014.1,
2024-10-19 00:00:00,14.8,12.4,17.9,,,200,9.5,29.6,1016.8,
2024-10-20 00:00:00,12.1,9.2,16.3,,,210,6.1,18.5,1022.1,
2024-10-21 00:00:00,15,12.2,19.7,,,186,8.2,18.5,1024.4,
2024-10-22 00:00:00,13,7.5,15.6,,,287,7.9,24.1,1027.4,
2024-10-23 00:00:00,8.1,4.1,14.5,,,345,5.7,14.8,1034.6,
2024-10-24 00:00:00,9.3,5.4,14.2,,,35,6.2,14.8,1027.5,
2024-10-25 00:00:00,11.6,7.9,17.6,,,30,5.4,14.8,1020.8,
2024-10-26 00:00:00,11.5,8.4,16.3,,,20,6.1,16.7,1019.3,
2024-10-27 00:00:00,11.5,9.1,15.7,,,242,5.2,14.8,1021.1,
2024-10-28 00:00:00,10.9,8.8,15,,,222,6.3,20.4,1025.9,
2024-10-29 00:00:00,11.2,9,15.6,,,246,5,16.7,1026.5,
2024-10-30 00:00:00,10,7.9,13.4,,,258,4.3,11.1,1028.1,
2024-10-31 00:00:00,10,7.7,13.6,,,303,4.8,11.1,1028.3,
2024-11-01 00:00:00,9.1,6.9,12.7,,,244,5.8,18.5,1025.7,
2024-11-02 00:00:00,9.6,7.3,12.6,,,352,5.6,16.7,1029.8,
2024-11-03 00:00:00,6.8,3.7,11.3,,,358,5.8,14.8,1031,
2024-11-04 00:00:00,5,1.9,10.1,,,352,6.4,14.8,1029.3,
2024-11-05 00:00:00,4.4,0.7,8.1,,,289,5.4,14.8,1026.5,
2024-11-06 00:00:00,5.7,4.5,7,,,343,4.5,13,1030.7,
2024-11-07 00:00:00,5.2,3.7,7.6,,,20,5.9,16.7,1033.1,
2024-11-08 00:00:00,5.2,2.8,7.6,,,32,6.5,16.7,1028.6,
2024-11-09 00:00:00,6.7,4.8,9.8,,,38,4.8,13,1026.8,
2024-11-10 00:00:00,5.4,4.1,6.7,,,16,4.2,11.1,1028.8,
2024-11-11 00:00:00,6,4.7,6.9,,,205,6.1,18.5,1028.7,
2024-11-12 00:00:00,6.3,4.7,9,,,13,7.6,18.5,1029.5,
2024-11-13 00:00:00,5,2.8,7,,,344,6.6,16.7,1031.7,
2024-11-14 00:00:00,7.1,5.9,8.1,,,201,6.8,16.7,1027.8,
2024-11-15 00:00:00,6.4,5.1,8.4,,,199,4.3,11.1,1027.7,
2024-11-16 00:00:00,4.7,2.7,6.7,,,212,6.9,20.4,1021.5,
2024-11-17 00:00:00,5.4,4.8,6,,,208,14.4,31.5,1013.7,
2024-11-18 00:00:00,5.7,4.3,6.6,,,214,11,27.8,1011.4,
2024-11-19 00:00:00,8,4.4,10.4,,,209,19.1,44.5,997.5,
2024-11-20 00:00:00,3.3,1,5.7,,,257,12.5,29.6,1002.1,
2024-11-21 00:00:00,0.9,-1.1,2.2,,,226,10.3,25.9,1001.4,
2024-11-22 00:00:00,0.1,-2.7,3.2,,,229,14.1,33.3,1005.3,
2024-11-23 00:00:00,3,1.6,4.3,,,194,13.5,25.9,1019.9,
2024-11-24 00:00:00,9,4.2,13.9,,,194,16.4,33.3,1015.6,
2024-11-25 00:00:00,11.5,8,15,,,184,12.2,24.1,1011.1,
2024-11-26 00:00:00,8.8,6,11.5,,,212,9,24.1,1019.4,
2024-11-27 00:00:00,7.7,4.9,10.7,,,184,12,37,1019.5,
2024-11-28 00:00:00,7.2,4.7,9.9,,,274,11.5,29.6,1023.6,
2024-11-29 00:00:00,2.9,0.1,5.6,,,34,5.1,13,1033.4,
2024-11-30 00:00:00,0,-2.6,3.7,,,54,5.5,14.8,1032.1,
2024-12-01 00:00:00,-2.3,-3.7,-0.8,,,217,5.4,16.7,1026.8,
2024-12-02 00:00:00,2.4,-0.5,4.6,,,170,6.9,16.7,1018.4,
2024-12-03 00:00:00,3.6,0.5,5.9,,,230,8.6,20.4,1019,
2024-12-04 00:00:00,1,-0.5,3.4,,,219,5.6,14.8,1026.9,
2024-12-05 00:00:00,1.8,-0.4,4.8,,,181,12.6,33.3,1023.2,
2024-12-06 00:00:00,6.9,5.3,8.6,,,238,19.9,40.8,1010.5,
2024-12-07 00:00:00,5.3,3.8,6.2,,,184,13.4,25.9,1005.4,
2024-12-08 00:00:00,4.7,3.5,5.9,,,94,9.7,25.9,1007.7,
2024-12-09 00:00:00,4.3,3.1,5.2,,,11,13,24.1,1023,
2024-12-10 00:00:00,3.4,2.5,4.4,,,22,11.1,22.2,1029.2,
2024-12-11 00:00:00,2.6,1.5,3.9,,,34,8.4,16.7,1032,
2024-12-12 00:00:00,1.3,0.3,2.8,,,67,7.1,14.8,1031.4,
2024-12-13 00:00:00,0.4,-0.7,1.7,,,113,7.1,16.7,1027.3,
2024-12-14 00:00:00,0.7,-1,2.5,,,202,8.9,22.2,1022.6,
2024-12-15 00:00:00,4.2,2,7.2,,,202,14.4,29.6,1028.5,
2024-12-16 00:00:00,8.5,7.4,9.2,,,207,16.5,29.6,1032.8,
2024-12-17 00:00:00,7.9,5.7,8.9,,,190,9.5,22.2,1030,
2024-12-18 00:00:00,7.4,5,9.8,,,188,13.5,29.6,1019.8,
2024-12-19 00:00:00,9.5,5.5,11.1,,,223,18.6,38.9,1005.2,
2024-12-20 00:00:00,4.2,1.9,6.2,,,242,10.3,22.2,1019.6,
2024-12-21 00:00:00,5.3,3.1,7.5,,,193,18.8,40.8,1017.5,
2024-12-22 00:00:00,6,2.3,7.9,,,230,16.6,40.8,1003.3,
2024-12-23 00:00:00,2.7,1,4.7,,,256,9.8,22.2,1012.5,
2024-12-24 00:00:00,2.9,1.5,3.9,,,214,7.2,16.7,1028,
2024-12-25 00:00:00,5.1,3.7,6.3,,,161,6.6,16.7,1036,
2024-12-26 00:00:00,4.6,0.6,6.2,,,22,5.8,14.8,1037.6,
2024-12-27 00:00:00,-0.3,-2.5,1.8,,,336,6.1,14.8,1035.7,
2024-12-28 00:00:00,-2.8,-4.6,-0.5,,,257,5.4,14.8,1032.5,
2024-12-29 00:00:00,-1.6,-2.4,-0.2,,,213,6.2,16.7,1031.5,
2024-12-30 00:00:00,-0.3,-0.6,0.1,,,186,9.3,22.2,1033.1,
2024-12-31 00:00:00,-0.2,-0.7,1,,,191,11.9,29.6,1030.5,
2025-01-01 00:00:00,3.6,1.5,5.8,,,198,21.4,40.8,1020.9,
2025-01-02 00:00:00,3.4,1.2,5.9,,,249,12.2,42.6,1014,
2025-01-03 00:00:00,1.3,0.3,2.3,,,216,10.4,25.9,1020.8,
2025-01-04 00:00:00,0.5,-0.6,1.1,,,167,7.4,20.4,1020.8,
2025-01-05 00:00:00,3,-0.3,8.5,,,151,11,27.8,1003.5,
2025-01-06 00:00:00,9.1,7.4,12.4,,,197,19.1,44.5,994.7,
2025-01-07 00:00:00,5.7,4.2,7.7,,,211,19.8,37,1002.6,
2025-01-08 00:00:00,3,1,4.2,,,177,9.7,29.6,1005,
2025-01-09 00:00:00,5.3,1.9,8.8,,,228,12.7,29.6,1001.2,
2025-01-10 00:00:00,1.1,-1.7,2.9,,,231,10.7,24.1,1019.2,
2025-01-11 00:00:00,-0.1,-1.4,1.8,,,292,6.6,18.5,1026.3,
2025-01-12 00:00:00,-0.1,-2.1,2,,,325,7.6,18.5,1037.4,
2025-01-13 00:00:00,-3.3,-5.3,-0.6,,,340,5.8,14.8,1042.7,
2025-01-14 00:00:00,-3.9,-8.6,0.2,,,277,5.3,13,1037.3,
2025-01-15 00:00:00,1.4,-0.6,3,,,319,4.5,13,1033.7,
2025-01-16 00:00:00,1.7,-0.5,4.7,,,9,5.9,14.8,1037.2,
2025-01-17 00:00:00,0,-1.5,2,,,346,5.6,14.8,1038.1,
2025-01-18 00:00:00,-0.2,-2.6,2.8,,,342,6.8,16.7,1032.4,
2025-01-19 00:00:00,0.1,-2.7,4.1,,,311,6.5,16.7,1023.9,
2025-01-20 00:00:00,-1.5,-2.8,0.6,,,261,5.4,14.8,1021.5,
2025-01-21 00:00:00,-2.6,-4.3,0,,,270,4.8,13,1019.6,
2025-01-22 00:00:00,-0.3,-2.6,2.7,,,148,5.7,14.8,1011,
2025-01-23 00:00:00,3.5,2.1,5.3,,,202,11.4,27.8,1007.2,
2025-01-24 00:00:00,6.2,4.1,8.4,,,190,15.3,29.6,1010.1,
2025-01-25 00:00:00,9.4,7.6,12.1,,,197,9.9,24.1,1007.1,
2025-01-26 00:00:00,6.8,3.5,9.3,,,205,12.3,35.2,1007.7,
2025-01-27 00:00:00,8.1,3.8,11,,,186,15.9,37,998.1,
2025-01-28 00:00:00,8.1,6.3,9.6,,,188,11,27.8,997.9,
2025-01-29 00:00:00,7.4,4.3,9.2,,,213,15.9,37,1005.6,
2025-01-30 00:00:00,6,3.5,9.5,,,295,6.9,22.2,1015.3,
2025-01-31 00:00:00,3,-1.1,5.6,,,284,6.4,20.4,1028.8,
2025-02-01 00:00:00,-0.4,-3.4,4,,,358,8,18.5,1031.9,
2025-02-02 00:00:00,-1.4,-4.3,3,,,359,5.8,16.7,1027.1,
2025-02-03 00:00:00,-2.5,-5,2.2,,,275,5,13,1029.2,
2025-02-04 00:00:00,-1.9,-3.7,0.9,,,213,6.6,18.5,1031.3,
2025-02-05 00:00:00,-1.4,-3.8,1.6,,,220,5.3,13,1038.5,
2025-02-06 00:00:00,1.9,-0.3,4.1,,,12,9.4,24.1,1039.5,
2025-02-07 00:00:00,3.2,1.4,5.3,,,62,12.1,27.8,1028.7,
2025-02-08 00:00:00,1.9,-0.6,5.7,,,46,7.6,16.7,1024.9,
2025-02-09 00:00:00,0.5,-2.6,3.8,,,339,5.9,16.7,1028.3,
2025-02-10 00:00:00,1.6,-1.5,5.1,,,32,8.4,20.4,1025.3,
2025-02-11 00:00:00,4.9,3.2,7.5,,,101,7.5,20.4,1020.9,
2025-02-12 00:00:00,4.9,3.2,6.9,,,8,5.9,18.5,1017.7,
2025-02-13 00:00:00,1.8,0,3.7,,,327,9.4,24.1,1018.7,
2025-02-14 00:00:00,0.8,-1,2.8,,,351,8.4,20.4,1025.6,
2025-02-15 00:00:00,0.1,-2.1,2.6,,,35,5.9,16.7,1024.8,
2025-02-16 00:00:00,0.5,-0.9,3.1,,,39,9.6,24.1,1021.2,
2025-02-17 00:00:00,-1.4,-4,2.4,,,33,7.8,18.5,1024.5,
2025-02-18 00:00:00,-2.7,-5.7,1.9,,,55,9.5,24.1,1027.1,
2025-02-19 00:00:00,-1.4,-5.6,4.1,,,82,9.5,22.2,1026.7,
2025-02-20 00:00:00,2.2,-2.2,7.8,,,123,5.9,16.7,1025.9,
2025-02-21 00:00:00,7.8,4.5,13.6,,,112,6.5,16.7,1023.5,
2025-02-22 00:00:00,8.5,4.2,13.6,,,139,8.2,22.2,1019.9,
2025-02-23 00:00:00,8.6,4.6,13.4,,,217,6.6,22.2,1028.6,
2025-02-24 00:00:00,7.6,3.1,12.1,,,181,9,25.9,1023.1,
2025-02-25 00:00:00,8.7,6.6,10.8,,,169,6.4,16.7,1014.3,
2025-02-26 00:00:00,6.7,4.1,8.9,,,235,8.2,24.1,1015.6,
2025-02-27 00:00:00,5.2,3.4,8,,,199,10,24.1,1017.7,
2025-02-28 00:00:00,4,1.9,6.2,,,302,7.9,20.4,1023.3,
2025-03-01 00:00:00,3.5,0.7,7.3,,,0,8.5,18.5,1030.9,
2025-03-02 00:00:00,3.3,-0.5,9.6,,,3,7.7,16.7,1033.9,
2025-03-03 00:00:00,2.5,-2.7,10.4,,,344,6.6,16.7,1030.3,
2025-03-04 00:00:00,3.2,-2.3,11.7,,,338,6.5,16.7,1027.5,
2025-03-05 00:00:00,3.2,-4,12.9,,,277,6.8,14.8,1026.1,
2025-03-06 00:00:00,4.6,-2.4,14.2,,,258,7.1,20.4,1022.5,
2025-03-07 00:00:00,5.8,-1.4,15.5,,,325,6.4,16.7,1019.6,
2025-03-08 00:00:00,6.9,-0.4,16.6,,,2,7.6,16.7,1014.6,
2025-03-09 00:00:00,7.7,0.3,17.2,,,354,7.6,16.7,1006.5,
2025-03-10 00:00:00,8.2,1,15.9,,,275,8.3,20.4,1001.4,
2025-03-11 00:00:00,8.5,6.2,11.9,,,253,7.3,20.4,1002.1,
2025-03-12 00:00:00,5.4,3.4,7,,,333,9.1,20.4,1000.1,
2025-03-13 00:00:00,3.3,0.8,5.7,,,335,8,18.5,999,
2025-03-14 00:00:00,3.9,1.7,6.6,,,341,8.6,22.2,1006.6,
2025-03-15 00:00:00,4.4,2.3,7.5,,,14,13,29.6,1016.2,
2025-03-16 00:00:00,3.2,-0.1,7.4,,,12,12.1,27.8,1020.6,
2025-03-17 00:00:00,3.2,-1.1,8.2,,,13,11.2,25.9,1024.4,
2025-03-18 00:00:00,3.3,-1.5,8.7,,,40,11.1,25.9,1025.9,
2025-03-19 00:00:00,3,-2.5,9.2,,,24,11,25.9,1025.2,
2025-03-20 00:00:00,4.7,-1,10.7,,,21,10.6,25.9,1023.4,
2025-03-21 00:00:00,8.6,2.2,20.6,,,66,11.3,29.6,1018.7,
2025-03-22 00:00:00,10.9,6.9,16,,,47,8.6,20.4,1007.1,
2025-03-23 00:00:00,9.7,6.5,13.6,,,247,7.1,18.5,1004.9,
2025-03-24 00:00:00,9.7,5.9,14.6,,,301,6.6,18.5,1012.4,
2025-03-25 00:00:00,9.5,5.1,14.8,,,327,8.4,20.4,1018.3,
2025-03-26 00:00:00,7.4,4.8,10.3,,,331,10.6,25.9,1020.2,
2025-03-27 00:00:00,6.6,2.4,11,,,273,9.7,24.1,1020.2,
2025-03-28 00:00:00,8.1,3.8,12.8,,,246,11.6,27.8,1017.8,
2025-03-29 00:00:00,7.7,4.8,11.4,,,258,12,29.6,1016,
2025-03-30 00:00:00,6.9,3.7,10.6,,,255,12.5,31.5,1015.8,
